ID,year,region,wine,beer,vodka,champagne,brandy
1,2000,Republic of Adygea,3.1,27.4,5.4,0.6,0.1
2,2000,Altai Krai,2.1,33.2,9.9,1.3,0.1
3,2000,Amur Oblast,2.4,28.5,15.8,0.7,0.2
4,2000,Arkhangelsk Oblast,5.5,29.3,19.2,0.9,0.5
5,2000,Astrakhan Oblast,3.7,31,10,0.6,0.1
6,2000,Republic of Bashkortostan,1.4,33.1,12.2,0.2,0.2
7,2000,Belgorod Oblast,3.6,20.7,10.1,0.9,0.1
8,2000,Bryansk Oblast,3,36.4,7.6,0.4,0.1
9,2000,Republic of Buryatia,1.6,17.1,16.6,0.6,0.03
10,2000,Vladimir Oblast,2.3,22.1,14.5,0.5,0.1
11,2000,Volgograd Oblast,1.8,40.9,9,1.9,0.3
12,2000,Vologda Oblast,3.7,33.2,19.2,0.5,0.2
13,2000,Voronezh Oblast,3.4,24.8,9.1,1.2,0.2
14,2000,Republic of Dagestan,3.8,1.8,1,0.2,0.1
15,2000,Jewish Autonomous Oblast,4.8,13.4,12.2,0.5,0.1
16,2000,Zabaykalsky Krai,1.9,16.4,7,0.3,0.1
17,2000,Ivanovo Oblast,2.5,47.5,14.2,0.2,0.1
18,2000,Republic of Ingushetia,,,,,
19,2000,Irkutsk Oblast,6,39.4,15.5,1.3,0.5
20,2000,Kabardino-Balkar Republic,2.5,17.3,10.5,0.6,0.4
21,2000,Kaliningrad Oblast,3.2,38.4,15.8,1.3,0.8
22,2000,Republic of Kalmykia,3.2,9.1,14.2,0.9,0.1
23,2000,Kaluga Oblast,2.2,30.4,9,0.6,0.2
24,2000,Kamchatka Krai,7.1,32.7,26.6,0.8,0.4
25,2000,Karachay-Cherkess Republic,2.2,7.4,12.9,0.2,0.1
26,2000,Republic of Karelia,2.8,24.9,17.2,0.4,0.2
27,2000,Kemerovo Oblast,2.3,26.6,17.3,0.6,0.2
28,2000,Kirov Oblast,1.8,15.5,12.8,0.3,0.1
29,2000,Kostroma Oblast,1.3,24,15.2,0.3,0.1
30,2000,Krasnodar Krai,7,42.6,8.7,1.4,0.3
31,2000,Krasnoyarsk Krai,4.7,40.5,14.9,1.6,0.3
32,2000,Republic of Crimea,,,,,
33,2000,Kurgan Oblast,2.9,26.6,13,0.6,0.1
34,2000,Kursk Oblast,1.6,33,6.1,0.5,0.1
35,2000,Leningrad Oblast,3.8,37.7,14.7,1.3,0.3
36,2000,Lipetsk Oblast,2.3,31.9,9.3,0.7,0.2
37,2000,Magadan Oblast,4.3,24.6,23.9,1.8,0.2
38,2000,Mari El Republic,1.8,21,8.3,0.3,0.1
39,2000,Republic of Mordovia,1.4,15.9,10.9,0.3,0.1
40,2000,Moscow,6.3,61.8,18.8,3.9,0.6
41,2000,Moscow Oblast,3.1,22.6,17.2,0.6,0.3
42,2000,Murmansk Oblast,4.4,29.9,18.8,1.7,0.6
43,2000,Nenets Autonomous Okrug,5.5,29.3,19.2,0.9,0.5
44,2000,Nizhny Novgorod Oblast,3.9,27.3,9.7,1,0.1
45,2000,Novgorod Oblast,4.6,39.8,12.8,0.4,0.2
46,2000,Novosibirsk Oblast,2.6,37.3,20.7,1.6,0.2
47,2000,Omsk Oblast,4.6,41.5,10.3,0.6,0.3
48,2000,Orenburg Oblast,1.6,31.5,9.5,0.7,0.1
49,2000,Oryol Oblast,3.2,31.1,14.8,1.2,0.4
50,2000,Penza Oblast,1.8,27,6.4,0.3,0.1
51,2000,Perm Krai,4.1,30.7,20,1.3,0.3
52,2000,Primorsky Krai,1.8,25.1,15,0.6,0.2
53,2000,Pskov Oblast,7.1,22,12.9,0.5,0.1
54,2000,Altai Republic,5.4,12.1,9.8,0.7,0.1
55,2000,Komi Republic,4.6,35.1,27.4,1.9,0.4
56,2000,Tuva Republic,1.6,24.4,11.3,0.1,0.4
57,2000,Rostov Oblast,5.5,30,7.9,2.2,0.2
58,2000,Ryazan Oblast,2.1,32.2,13.3,1.2,0.1
59,2000,Samara Oblast,2.1,29.4,7.6,1.5,0.2
60,2000,Saint Petersburg,4.4,68.2,14.7,2,0.9
61,2000,Saratov Oblast,2,22.1,7.4,1.3,0.2
62,2000,Sakhalin Oblast,2.6,21.8,18.8,0.5,0.1
63,2000,Sverdlovsk Oblast,4,42.5,13.6,1,0.4
64,2000,Sevastopol,,,,,
65,2000,Republic of North Ossetia-Alania,2.6,19.9,9.8,1.3,0.1
66,2000,Smolensk Oblast,4.9,55.3,21.2,0.8,0.2
67,2000,Stavropol Krai,6.4,25.9,13.7,1.1,0.3
68,2000,Tambov Oblast,2.1,22.5,11.6,1.1,0.2
69,2000,Republic of Tatarstan,1.3,33.4,14.8,0.4,0.1
70,2000,Tver Oblast,4,33.7,17.1,0.7,0.3
71,2000,Tomsk Oblast,5.3,32,14.8,0.8,0.1
72,2000,Tula Oblast,2.7,36.4,13.2,0.6,0.1
73,2000,Tyumen Oblast,4.6,36.9,18,0.8,0.3
74,2000,Udmurt Republic,1.5,20.1,13.4,0.3,0.1
75,2000,Ulyanovsk Oblast,0.8,46.1,10.5,0.4,0.1
76,2000,Khabarovsk Krai,4.2,31.9,15.3,0.7,0.4
77,2000,Republic of Khakassia,3,47.9,17,1.4,0.6
78,2000,Khanty–Mansi Autonomous Okrug – Yugra,4.6,36.9,18,0.8,0.3
79,2000,Chelyabinsk Oblast,4.3,46.3,15.7,1,0.2
80,2000,Chechen Republic,,,,,
81,2000,Chuvash Republic,2.9,29.8,9.6,0.5,0.1
82,2000,Chukotka Autonomous Okrug,1,5.2,6.5,1.7,0.2
83,2000,Sakha (Yakutia) Republic,2.6,15.4,15.2,0.6,0.2
84,2000,Yamalo-Nenets Autonomous Okrug,4.6,36.9,18,0.8,0.3
85,2000,Yaroslavl Oblast,3.5,57.1,18.3,1.5,0.3
86,2001,Republic of Adygea,3.8,22,7.8,0.5,0.1
87,2001,Altai Krai,2.3,39.5,12,1.4,0.1
88,2001,Amur Oblast,2.6,31.2,17.6,0.6,0.2
89,2001,Arkhangelsk Oblast,7,47.6,23.5,1.2,0.9
90,2001,Astrakhan Oblast,3.8,42.6,11.9,0.8,0.1
91,2001,Republic of Bashkortostan,1.2,34.9,10.9,0.3,0.1
92,2001,Belgorod Oblast,3.4,23.2,9.5,0.8,0.1
93,2001,Bryansk Oblast,2.7,41.6,8,0.4,0.1
94,2001,Republic of Buryatia,1.7,11.7,18.7,0.6,0.1
95,2001,Vladimir Oblast,2.4,28.5,15.3,0.6,0.1
96,2001,Volgograd Oblast,2.1,42.5,11.9,1.8,0.3
97,2001,Vologda Oblast,7.8,50.5,23,0.5,0.3
98,2001,Voronezh Oblast,3.6,37.7,9.2,1.5,0.2
99,2001,Republic of Dagestan,4.6,3.3,1.8,0.4,0.1
100,2001,Jewish Autonomous Oblast,5.1,17.8,12,0.4,0.1
101,2001,Zabaykalsky Krai,3.5,23.8,8.6,0.4,0.1
102,2001,Ivanovo Oblast,3.3,60.7,16.5,0.3,0.1
103,2001,Republic of Ingushetia,9.9,9.5,4,1.3,1.5
104,2001,Irkutsk Oblast,7.1,38.9,11.9,1.4,0.5
105,2001,Kabardino-Balkar Republic,2.7,26.5,12.4,0.4,0.6
106,2001,Kaliningrad Oblast,1.7,44.5,13.3,1.1,0.7
107,2001,Republic of Kalmykia,3.4,13.9,15.4,1.3,0.1
108,2001,Kaluga Oblast,2.5,34.1,12,0.6,0.1
109,2001,Kamchatka Krai,7.4,33.6,26.7,0.9,0.4
110,2001,Karachay-Cherkess Republic,2.3,9.4,13.4,0.2,0.1
111,2001,Republic of Karelia,5.1,28,15.9,0.4,0.2
112,2001,Kemerovo Oblast,2.1,28.6,18.8,0.6,0.2
113,2001,Kirov Oblast,2.8,20.4,14.1,0.4,0.1
114,2001,Kostroma Oblast,3.5,25.4,17.2,0.6,0.2
115,2001,Krasnodar Krai,6.6,48,8.9,1.4,0.3
116,2001,Krasnoyarsk Krai,4.9,59.6,15.4,1.5,0.6
117,2001,Republic of Crimea,,,,,
118,2001,Kurgan Oblast,2.9,34.2,12.2,0.6,0.2
119,2001,Kursk Oblast,1.7,44.5,7.4,0.5,0.1
120,2001,Leningrad Oblast,5,59.7,17.5,1.8,0.4
121,2001,Lipetsk Oblast,2.5,42.9,9.3,0.7,0.2
122,2001,Magadan Oblast,4.7,28.3,23.6,1.4,0.2
123,2001,Mari El Republic,1.6,22.6,10.4,0.3,0.1
124,2001,Republic of Mordovia,1.4,23.5,11.8,0.3,0.1
125,2001,Moscow,5,78.9,19.7,4.2,0.7
126,2001,Moscow Oblast,3.2,23.7,16.8,0.3,0.3
127,2001,Murmansk Oblast,4.6,34.7,19.7,1.8,0.6
128,2001,Nenets Autonomous Okrug,7,47.6,23.5,1.2,0.9
129,2001,Nizhny Novgorod Oblast,4.8,34.7,9.8,0.9,0.2
130,2001,Novgorod Oblast,4.6,34.7,12.6,0.4,0.2
131,2001,Novosibirsk Oblast,2.7,48.4,20.6,1.3,0.3
132,2001,Omsk Oblast,4.6,55.5,12.3,0.6,0.3
133,2001,Orenburg Oblast,2.3,34.6,10.8,0.7,0.2
134,2001,Oryol Oblast,3.4,29.9,12,1.6,0.3
135,2001,Penza Oblast,5.1,30.1,6.8,0.4,0.1
136,2001,Perm Krai,4.1,56.9,15.9,0.8,0.3
137,2001,Primorsky Krai,1.5,26.5,15.2,0.6,0.1
138,2001,Pskov Oblast,9.6,33.5,13.3,0.5,0.1
139,2001,Altai Republic,5.7,18.7,10.6,0.9,0.1
140,2001,Komi Republic,5.6,37.6,28.5,0.8,0.5
141,2001,Tuva Republic,1.6,25.7,9.8,0.1,0.1
142,2001,Rostov Oblast,4.1,39.9,7.1,1.8,0.2
143,2001,Ryazan Oblast,2.4,40.3,13.5,1.4,0.1
144,2001,Samara Oblast,1.8,33.4,8.1,1,0.2
145,2001,Saint Petersburg,6.2,101,15.5,2.4,0.8
146,2001,Saratov Oblast,3,21.7,7.6,1.2,0.2
147,2001,Sakhalin Oblast,4.3,29.7,20.3,0.9,0.2
148,2001,Sverdlovsk Oblast,4.4,44.6,13.7,0.9,0.4
149,2001,Sevastopol,,,,,
150,2001,Republic of North Ossetia-Alania,5.6,15.7,8.9,1.2,0.1
151,2001,Smolensk Oblast,6.6,71.3,23,1,0.2
152,2001,Stavropol Krai,5.9,30.5,12.8,1.2,0.3
153,2001,Tambov Oblast,2.5,22.8,14,1.5,0.3
154,2001,Republic of Tatarstan,1.8,41.9,14.6,0.5,0.1
155,2001,Tver Oblast,5,35.4,18.4,1.4,0.1
156,2001,Tomsk Oblast,5.6,36.3,16.5,0.9,0.2
157,2001,Tula Oblast,3.3,40.1,14.1,0.6,0.2
158,2001,Tyumen Oblast,5.2,49,20.5,0.9,0.5
159,2001,Udmurt Republic,2.1,27,14.1,0.3,0.1
160,2001,Ulyanovsk Oblast,1.1,47.7,9.6,0.3,0.2
161,2001,Khabarovsk Krai,4.3,38.4,21.2,0.5,0.3
162,2001,Republic of Khakassia,3.3,53.6,15.6,1.4,0.6
163,2001,Khanty–Mansi Autonomous Okrug – Yugra,5.2,49,20.5,0.9,0.5
164,2001,Chelyabinsk Oblast,4.4,45.2,16.2,1.2,0.2
165,2001,Chechen Republic,,,,,
166,2001,Chuvash Republic,3,32.2,10.6,0.5,0.1
167,2001,Chukotka Autonomous Okrug,1.4,11,9.8,1.9,0.1
168,2001,Sakha (Yakutia) Republic,2.8,15.5,14.6,0.8,0.2
169,2001,Yamalo-Nenets Autonomous Okrug,5.2,49,20.5,0.9,0.5
170,2001,Yaroslavl Oblast,4.3,71.1,18.6,1.6,0.4
171,2002,Republic of Adygea,4.4,30.4,7.9,0.7,0.3
172,2002,Altai Krai,1.6,42.8,11.4,1.1,0.1
173,2002,Amur Oblast,2.3,35.4,17.9,0.5,0.2
174,2002,Arkhangelsk Oblast,8.1,76.1,29.5,1.5,1.2
175,2002,Astrakhan Oblast,4.1,44,12,0.8,0.2
176,2002,Republic of Bashkortostan,1.7,38.1,10.4,0.2,0.1
177,2002,Belgorod Oblast,3.3,23.2,9.4,0.9,0.1
178,2002,Bryansk Oblast,3.3,38.9,8.5,0.4,0.1
179,2002,Republic of Buryatia,2.3,21,19.9,0.6,0.1
180,2002,Vladimir Oblast,2.8,41.5,15.6,0.8,0.2
181,2002,Volgograd Oblast,2.4,43.9,13.2,1.6,0.4
182,2002,Vologda Oblast,11.7,51.9,22.2,0.4,0.5
183,2002,Voronezh Oblast,2.8,41.9,10.5,1.3,0.2
184,2002,Republic of Dagestan,2.7,9.6,4.9,0.6,0.2
185,2002,Jewish Autonomous Oblast,4.1,26.8,7.6,0.4,0.1
186,2002,Zabaykalsky Krai,4.7,31.3,10.9,0.5,0.1
187,2002,Ivanovo Oblast,3.7,61.2,16.7,0.6,0.2
188,2002,Republic of Ingushetia,7.5,8.7,4.3,0.8,0.8
189,2002,Irkutsk Oblast,8.1,47.8,10.8,1.1,0.4
190,2002,Kabardino-Balkar Republic,3.7,31.5,13.9,0.7,0.7
191,2002,Kaliningrad Oblast,2.4,64.5,17.3,1.3,0.9
192,2002,Republic of Kalmykia,4.1,20.9,15,1.5,0.1
193,2002,Kaluga Oblast,2.6,50.6,12.2,0.8,0.2
194,2002,Kamchatka Krai,7.3,35.3,25.9,1.2,0.5
195,2002,Karachay-Cherkess Republic,2.7,13.2,14.3,0.2,0.1
196,2002,Republic of Karelia,9.3,33.6,12.4,0.4,0.2
197,2002,Kemerovo Oblast,3,30.8,20.2,0.9,0.3
198,2002,Kirov Oblast,4.5,27.3,14.9,0.5,0.1
199,2002,Kostroma Oblast,3.2,27.1,16.9,0.5,0.1
200,2002,Krasnodar Krai,7.9,50.1,7.9,1.3,0.5
201,2002,Krasnoyarsk Krai,5.2,67.4,15.3,1.4,0.6
202,2002,Republic of Crimea,,,,,
203,2002,Kurgan Oblast,2.7,37.9,11.7,0.5,0.1
204,2002,Kursk Oblast,1.8,53.8,6.7,0.5,0.1
205,2002,Leningrad Oblast,7.1,65.3,20.4,2.3,0.6
206,2002,Lipetsk Oblast,2.5,49.5,10,0.7,0.2
207,2002,Magadan Oblast,4,33,18.9,1.4,0.2
208,2002,Mari El Republic,2.9,23.8,11.7,0.4,0.1
209,2002,Republic of Mordovia,2.5,22,10,0.3,0.1
210,2002,Moscow,4.8,85.7,20.8,4,0.9
211,2002,Moscow Oblast,3.6,29.4,16.9,0.7,0.4
212,2002,Murmansk Oblast,5.3,40,20.9,1.9,0.6
213,2002,Nenets Autonomous Okrug,8.1,76.1,29.5,1.5,1.2
214,2002,Nizhny Novgorod Oblast,5.2,39.8,10.6,1,0.2
215,2002,Novgorod Oblast,5,37.1,13.1,0.5,0.2
216,2002,Novosibirsk Oblast,3,47.7,19.9,1,0.3
217,2002,Omsk Oblast,4.9,84.2,13.9,0.6,0.3
218,2002,Orenburg Oblast,2.3,34.2,10.9,0.7,0.2
219,2002,Oryol Oblast,3.7,29.4,11.1,1.2,0.3
220,2002,Penza Oblast,5.7,32.3,6.9,0.4,0.1
221,2002,Perm Krai,5.6,58.2,17.4,0.8,0.4
222,2002,Primorsky Krai,1.6,28.3,16,0.6,0.1
223,2002,Pskov Oblast,10.3,46.3,10.8,0.6,0.1
224,2002,Altai Republic,5.7,30.9,10.1,1,0.1
225,2002,Komi Republic,7.6,33.9,28.4,0.9,0.5
226,2002,Tuva Republic,2,23.3,13.5,0.2,0.1
227,2002,Rostov Oblast,4,44.7,7,1.5,0.3
228,2002,Ryazan Oblast,2.8,43.2,12.4,1.3,0.1
229,2002,Samara Oblast,1.8,38.6,8,1.2,0.2
230,2002,Saint Petersburg,6.3,104.6,17.2,2.6,0.9
231,2002,Saratov Oblast,3.2,28.1,9.2,0.9,0.2
232,2002,Sakhalin Oblast,5.3,37.5,24.5,1.6,0.5
233,2002,Sverdlovsk Oblast,6.1,52.1,15.4,1,0.5
234,2002,Sevastopol,,,,,
235,2002,Republic of North Ossetia-Alania,1,14.9,8.5,1.2,0.1
236,2002,Smolensk Oblast,8.7,96.2,25.4,1.4,0.2
237,2002,Stavropol Krai,6,32.7,11.7,1.2,0.4
238,2002,Tambov Oblast,2.5,27.9,13.9,1.4,0.3
239,2002,Republic of Tatarstan,2.2,29.1,15.4,0.6,0.1
240,2002,Tver Oblast,6.1,40,21.2,1.2,0.2
241,2002,Tomsk Oblast,7.9,36.5,16.5,0.9,0.3
242,2002,Tula Oblast,3.5,46.3,13.2,0.7,0.2
243,2002,Tyumen Oblast,5.8,77,23.3,1,0.6
244,2002,Udmurt Republic,2.7,29.4,13.7,0.4,0.1
245,2002,Ulyanovsk Oblast,2.1,44.8,9.1,0.5,0.2
246,2002,Khabarovsk Krai,4.5,31.8,17.1,0.7,0.3
247,2002,Republic of Khakassia,4.4,56.3,15.8,1.5,0.6
248,2002,Khanty–Mansi Autonomous Okrug – Yugra,5.8,77,23.3,1,0.6
249,2002,Chelyabinsk Oblast,4.1,55.7,16.8,1.1,0.5
250,2002,Chechen Republic,,,,,
251,2002,Chuvash Republic,3,31.7,11.1,0.5,0.2
252,2002,Chukotka Autonomous Okrug,1.9,6.4,13.3,1.6,0.3
253,2002,Sakha (Yakutia) Republic,3.6,16.3,16.1,1.1,0.3
254,2002,Yamalo-Nenets Autonomous Okrug,5.8,77,23.3,1,0.6
255,2002,Yaroslavl Oblast,4.5,90.1,20.3,1,0.3
256,2003,Republic of Adygea,4.3,36.2,8,1,0.5
257,2003,Altai Krai,1.7,47.7,11.5,1.1,0.1
258,2003,Amur Oblast,5.3,40.4,17.4,0.6,0.2
259,2003,Arkhangelsk Oblast,9.2,109,31.9,1.7,1.3
260,2003,Astrakhan Oblast,4.5,48.3,12.4,0.9,0.2
261,2003,Republic of Bashkortostan,1.5,25,8.3,0.3,0.2
262,2003,Belgorod Oblast,2.7,25.8,9.7,0.9,0.1
263,2003,Bryansk Oblast,4,33.9,8.7,0.5,0.1
264,2003,Republic of Buryatia,4.2,32.8,13.9,0.4,0.1
265,2003,Vladimir Oblast,3.2,43.7,15.4,0.9,0.2
266,2003,Volgograd Oblast,2.7,46.7,13.2,1.8,0.5
267,2003,Vologda Oblast,18.1,61.7,24.6,0.4,0.6
268,2003,Voronezh Oblast,3.1,38.2,10.8,1.1,0.3
269,2003,Republic of Dagestan,2.9,9.7,8.7,1.2,0.2
270,2003,Jewish Autonomous Oblast,5.1,39,6.4,0.5,0.2
271,2003,Zabaykalsky Krai,5.9,38.1,12.4,0.6,0.1
272,2003,Ivanovo Oblast,5.2,61.6,15.4,0.6,0.2
273,2003,Republic of Ingushetia,6,8.9,4.6,0.8,0.5
274,2003,Irkutsk Oblast,7.4,51.5,10.2,1,0.3
275,2003,Kabardino-Balkar Republic,4.4,39.4,12.8,0.8,0.7
276,2003,Kaliningrad Oblast,11.3,80.8,20,1.4,1.1
277,2003,Republic of Kalmykia,4.3,24.4,15.4,1.4,0.1
278,2003,Kaluga Oblast,3,71.2,9,0.9,0.3
279,2003,Kamchatka Krai,7.4,39.1,25.1,1.8,1.2
280,2003,Karachay-Cherkess Republic,3.7,14.9,14.9,0.2,0.2
281,2003,Republic of Karelia,13.5,31.1,14.2,0.6,0.2
282,2003,Kemerovo Oblast,4.2,36.9,20.1,1.1,0.3
283,2003,Kirov Oblast,7.2,33.4,13.5,0.6,0.1
284,2003,Kostroma Oblast,4.2,28,16.5,0.5,0.1
285,2003,Krasnodar Krai,8.7,53.3,7.9,1.4,0.4
286,2003,Krasnoyarsk Krai,5.6,72.3,15.5,1.3,0.6
287,2003,Republic of Crimea,,,,,
288,2003,Kurgan Oblast,3.5,42.6,9.2,0.4,0.1
289,2003,Kursk Oblast,3.3,67.8,7.5,1.1,0.3
290,2003,Leningrad Oblast,8.1,66.3,18.5,2.2,0.6
291,2003,Lipetsk Oblast,2.7,54.9,10.1,0.7,0.2
292,2003,Magadan Oblast,4.8,43.2,18.4,1.8,0.4
293,2003,Mari El Republic,4.4,27.1,12.3,0.4,0.2
294,2003,Republic of Mordovia,3.5,25.9,9.4,0.3,0.1
295,2003,Moscow,6.2,89.1,23,4.1,0.9
296,2003,Moscow Oblast,4,29.6,20.5,0.8,0.4
297,2003,Murmansk Oblast,6,41.3,21.3,2.1,0.7
298,2003,Nenets Autonomous Okrug,9.2,109,31.9,1.7,1.3
299,2003,Nizhny Novgorod Oblast,5.8,44.8,11.1,1.1,0.2
300,2003,Novgorod Oblast,5.5,34.2,13.2,0.4,0.2
301,2003,Novosibirsk Oblast,3.5,61.5,20.4,1,0.3
302,2003,Omsk Oblast,3.9,97.3,14.6,0.5,0.3
303,2003,Orenburg Oblast,2.5,28.7,8.5,0.6,0.2
304,2003,Oryol Oblast,3.8,32.8,10.6,1.4,0.3
305,2003,Penza Oblast,7.7,34.2,7.8,0.6,0.1
306,2003,Perm Krai,6.8,55.7,16.5,0.9,0.4
307,2003,Primorsky Krai,1.7,28.5,16.2,0.7,0.2
308,2003,Pskov Oblast,13.5,52.9,10.9,0.6,0.1
309,2003,Altai Republic,6.4,25.9,10.6,1,0.1
310,2003,Komi Republic,8.3,44.4,29.7,0.8,0.5
311,2003,Tuva Republic,2.1,25,14.7,0.2,0.1
312,2003,Rostov Oblast,4.4,51.1,6.9,1.5,0.3
313,2003,Ryazan Oblast,2.9,46.5,12.5,1.2,0.2
314,2003,Samara Oblast,2.1,43.5,7.9,1.1,0.3
315,2003,Saint Petersburg,6.6,105.6,14.3,2.8,1
316,2003,Saratov Oblast,3,41.3,8.3,0.8,0.2
317,2003,Sakhalin Oblast,5.2,38,23.2,1.4,0.7
318,2003,Sverdlovsk Oblast,7.2,56.9,15.2,1,0.5
319,2003,Sevastopol,,,,,
320,2003,Republic of North Ossetia-Alania,0.2,14.5,7.6,1.1,0.1
321,2003,Smolensk Oblast,8.8,92.3,25.6,1.5,0.3
322,2003,Stavropol Krai,6.1,41.1,10,1.2,0.5
323,2003,Tambov Oblast,2.4,36,14.5,1.2,0.3
324,2003,Republic of Tatarstan,2.7,42.3,14.9,0.7,0.2
325,2003,Tver Oblast,6.8,41.8,19.3,1.7,0.2
326,2003,Tomsk Oblast,7.8,43.3,17.4,1.5,0.4
327,2003,Tula Oblast,3.5,41.1,12.6,0.6,0.2
328,2003,Tyumen Oblast,5,93.3,18.6,1.2,0.5
329,2003,Udmurt Republic,3.8,34.2,12.9,0.3,0.1
330,2003,Ulyanovsk Oblast,4.1,42.5,10.5,0.7,0.3
331,2003,Khabarovsk Krai,3.8,47.4,15.2,0.7,0.4
332,2003,Republic of Khakassia,6.4,61.2,14.8,1.6,0.5
333,2003,Khanty–Mansi Autonomous Okrug – Yugra,5,93.3,18.6,1.2,0.5
334,2003,Chelyabinsk Oblast,4.7,65.1,16.4,1.2,0.7
335,2003,Chechen Republic,,,,,
336,2003,Chuvash Republic,3.6,33.8,12.5,0.5,0.2
337,2003,Chukotka Autonomous Okrug,3.8,12.3,12.3,1.6,0.9
338,2003,Sakha (Yakutia) Republic,4.7,25,16,1.2,0.3
339,2003,Yamalo-Nenets Autonomous Okrug,5,93.3,18.6,1.2,0.5
340,2003,Yaroslavl Oblast,3.8,62.3,18.6,0.5,0.1
341,2004,Republic of Adygea,4.1,27.5,8.6,1,0.3
342,2004,Altai Krai,2,52.4,14.2,1.3,0.2
343,2004,Amur Oblast,5.2,44.8,18.1,0.6,0.2
344,2004,Arkhangelsk Oblast,7,51.8,18.5,1.3,0.5
345,2004,Astrakhan Oblast,4.8,58,12.9,0.9,0.2
346,2004,Republic of Bashkortostan,1.2,35.4,9.2,0.3,0.2
347,2004,Belgorod Oblast,3.1,35.1,10,1.1,0.1
348,2004,Bryansk Oblast,5.7,32.5,8.6,0.5,0.1
349,2004,Republic of Buryatia,6.3,35.7,12.2,0.4,0.1
350,2004,Vladimir Oblast,3.7,54,17.3,1,0.2
351,2004,Volgograd Oblast,3.3,55.3,12.5,1.9,0.5
352,2004,Vologda Oblast,14.2,85.1,26.7,0.6,0.7
353,2004,Voronezh Oblast,3.4,41.2,12.6,1.3,0.4
354,2004,Republic of Dagestan,2.8,6.6,9.5,1.5,0.3
355,2004,Jewish Autonomous Oblast,4.4,51.1,7.4,0.3,0.2
356,2004,Zabaykalsky Krai,15.7,190.4,40.6,3,1.8
357,2004,Ivanovo Oblast,8,68.1,17.3,0.7,0.4
358,2004,Republic of Ingushetia,6.4,7.4,3.6,0.8,0.8
359,2004,Irkutsk Oblast,5.5,54.7,22.7,1.5,0.7
360,2004,Kabardino-Balkar Republic,4,43.7,12.3,0.8,0.7
361,2004,Kaliningrad Oblast,12.7,84.2,20,1.4,1
362,2004,Republic of Kalmykia,4.3,24.4,15.3,1.4,0.2
363,2004,Kaluga Oblast,4,86.7,11.4,1.3,0.3
364,2004,Kamchatka Krai,7.5,49.2,22.2,2,1.1
365,2004,Karachay-Cherkess Republic,4.2,19.6,14.9,0.3,0.3
366,2004,Republic of Karelia,16.9,33.2,14,0.7,0.5
367,2004,Kemerovo Oblast,3.7,68.6,21.2,1,0.3
368,2004,Kirov Oblast,9.6,43.6,12.8,0.7,0.1
369,2004,Kostroma Oblast,5.9,32.7,18,0.5,0.1
370,2004,Krasnodar Krai,8.8,58.3,8,1.1,0.3
371,2004,Krasnoyarsk Krai,5.3,47.7,9.2,0.9,0.3
372,2004,Republic of Crimea,,,,,
373,2004,Kurgan Oblast,4.5,43.5,8.3,0.4,0.1
374,2004,Kursk Oblast,6.5,90.9,7.2,0.8,0.3
375,2004,Leningrad Oblast,10,68.5,20.4,3.7,0.7
376,2004,Lipetsk Oblast,2.8,56.5,10.2,0.7,0.2
377,2004,Magadan Oblast,5.9,39.4,16.8,1.9,0.5
378,2004,Mari El Republic,5.7,27.6,12,0.5,0.1
379,2004,Republic of Mordovia,3.6,32.6,9.8,0.4,0.1
380,2004,Moscow,6.1,99.1,24,3.8,1
381,2004,Moscow Oblast,5.7,30.5,21.8,0.8,0.8
382,2004,Murmansk Oblast,6.2,45.8,21.7,2.2,0.7
383,2004,Nenets Autonomous Okrug,7,51.8,18.5,1.3,0.5
384,2004,Nizhny Novgorod Oblast,6.2,51,11.9,1.2,0.2
385,2004,Novgorod Oblast,5.9,35.4,13.7,0.5,0.2
386,2004,Novosibirsk Oblast,2.9,77.5,11.5,0.3,0.2
387,2004,Omsk Oblast,4,26.6,8.9,0.7,0.3
388,2004,Orenburg Oblast,3,35.6,8.6,0.6,0.2
389,2004,Oryol Oblast,3.5,36.9,8.4,1.1,0.3
390,2004,Penza Oblast,9.1,38.2,6.9,0.6,0.2
391,2004,Perm Krai,8.3,68.1,16,1.5,0.7
392,2004,Primorsky Krai,2.8,45.4,13.8,1.2,0.3
393,2004,Pskov Oblast,17.5,67.9,10.2,0.7,0.2
394,2004,Altai Republic,6.7,25.4,11.2,1.1,0.1
395,2004,Komi Republic,10.3,76.2,28.1,1.1,0.5
396,2004,Tuva Republic,2.1,25.8,15.2,0.2,0
397,2004,Rostov Oblast,3.8,58.8,6.9,1.1,0.3
398,2004,Ryazan Oblast,3.2,54.9,10,1.2,0.2
399,2004,Samara Oblast,2,50.1,8.4,1.1,0.2
400,2004,Saint Petersburg,4.7,103.9,13.9,2.5,0.8
401,2004,Saratov Oblast,3.2,50.3,8.8,0.9,0.1
402,2004,Sakhalin Oblast,5.1,36.3,20.3,1.5,0.8
403,2004,Sverdlovsk Oblast,7.7,75.9,15.9,1,0.6
404,2004,Sevastopol,,,,,
405,2004,Republic of North Ossetia-Alania,2.3,15.8,5.3,0.7,0.1
406,2004,Smolensk Oblast,7.9,84.5,24.5,1.5,0.3
407,2004,Stavropol Krai,6.2,46.8,7.8,1.3,0.5
408,2004,Tambov Oblast,1.9,49.4,15.4,1.2,0.3
409,2004,Republic of Tatarstan,3.4,42.9,13.7,0.7,0.2
410,2004,Tver Oblast,8.4,51.7,20.4,2,0.3
411,2004,Tomsk Oblast,7.2,47.9,13.4,0.7,0.1
412,2004,Tula Oblast,4.6,40.6,12.1,0.6,0.2
413,2004,Tyumen Oblast,4.9,94.5,18.6,1,0.5
414,2004,Udmurt Republic,5.4,36.4,12.4,0.4,0.2
415,2004,Ulyanovsk Oblast,5.5,45.3,10.4,0.8,0.3
416,2004,Khabarovsk Krai,4.3,53.4,14.6,0.9,0.4
417,2004,Republic of Khakassia,8.5,74.5,13.8,1.9,0.8
418,2004,Khanty–Mansi Autonomous Okrug – Yugra,4.9,94.5,18.6,1,0.5
419,2004,Chelyabinsk Oblast,6.1,81,17.5,1.3,0.8
420,2004,Chechen Republic,,,,,
421,2004,Chuvash Republic,4.4,39.7,10.9,0.5,0.2
422,2004,Chukotka Autonomous Okrug,3.4,10.8,12.4,1.9,1.1
423,2004,Sakha (Yakutia) Republic,5.2,30.9,15,1.2,0.3
424,2004,Yamalo-Nenets Autonomous Okrug,4.9,94.5,18.6,1,0.5
425,2004,Yaroslavl Oblast,3.9,63.6,18.9,0.4,0.1
426,2005,Republic of Adygea,4.4,29.7,10.4,1.1,0.4
427,2005,Altai Krai,2,58.6,10,1.1,0.2
428,2005,Amur Oblast,5.8,48.6,20.8,0.7,0.2
429,2005,Arkhangelsk Oblast,7.6,45.6,17.6,1.3,0.6
430,2005,Astrakhan Oblast,4.2,61.9,11,0.8,0.2
431,2005,Republic of Bashkortostan,2.2,43.1,10,0.6,0.2
432,2005,Belgorod Oblast,2.9,43.6,11.1,1.2,0.1
433,2005,Bryansk Oblast,6.1,33.6,8.6,0.6,0.2
434,2005,Republic of Buryatia,5.2,31.4,13.5,0.4,0.1
435,2005,Vladimir Oblast,3.4,50.6,16.9,1.3,0.3
436,2005,Volgograd Oblast,3.5,53.4,11.5,2,0.4
437,2005,Vologda Oblast,10.6,89.2,21.9,0.6,0.7
438,2005,Voronezh Oblast,3.5,48,13.8,1.4,0.3
439,2005,Republic of Dagestan,2.4,10.4,10.8,1.5,0.3
440,2005,Jewish Autonomous Oblast,3.7,59.1,7.1,0.4,0.1
441,2005,Zabaykalsky Krai,16.3,202.1,31,3,1.2
442,2005,Ivanovo Oblast,9,76.6,12.5,1,0.4
443,2005,Republic of Ingushetia,0.2,0.8,0.8,0.1,
444,2005,Irkutsk Oblast,7,58.4,23,1.7,0.9
445,2005,Kabardino-Balkar Republic,3.3,31.7,10.4,1.1,0.6
446,2005,Kaliningrad Oblast,11,70.5,15.9,1.5,1
447,2005,Republic of Kalmykia,4.9,25.1,7.8,1.6,0.2
448,2005,Kaluga Oblast,3.8,64.1,13.9,1.6,0.3
449,2005,Kamchatka Krai,8.6,50.5,22.8,2.1,1.4
450,2005,Karachay-Cherkess Republic,4.6,20.9,5.3,0.4,0.4
451,2005,Republic of Karelia,15,36.2,14.9,0.7,0.5
452,2005,Kemerovo Oblast,4.4,77.5,19.3,1.4,0.4
453,2005,Kirov Oblast,9.7,56.2,12.8,0.7,0.2
454,2005,Kostroma Oblast,5.7,38.2,19.7,0.5,0.1
455,2005,Krasnodar Krai,8.9,60.4,8.1,1.1,0.3
456,2005,Krasnoyarsk Krai,4.8,59.6,9.8,1,0.3
457,2005,Republic of Crimea,,,,,
458,2005,Kurgan Oblast,4.8,45.9,7.4,0.6,0.1
459,2005,Kursk Oblast,7.4,72.5,7.9,1.5,0.3
460,2005,Leningrad Oblast,10.9,66.7,23.2,3.9,0.8
461,2005,Lipetsk Oblast,3.1,57.1,10.5,0.8,0.2
462,2005,Magadan Oblast,6.7,40.2,16.5,2,0.7
463,2005,Mari El Republic,5.4,28.2,12.1,0.5,0.1
464,2005,Republic of Mordovia,5.2,37,9.9,0.4,0.1
465,2005,Moscow,6.4,108.5,24.2,3.7,1
466,2005,Moscow Oblast,7.3,32.3,19.8,1.1,1.1
467,2005,Murmansk Oblast,6.9,49.3,21.9,2.1,0.7
468,2005,Nenets Autonomous Okrug,7.6,45.6,17.6,1.3,0.6
469,2005,Nizhny Novgorod Oblast,6.9,60.1,11.9,1.4,0.3
470,2005,Novgorod Oblast,6.1,36.4,13.5,0.4,0.2
471,2005,Novosibirsk Oblast,2.6,81.8,7.8,0.3,0.2
472,2005,Omsk Oblast,4,28.2,9.2,0.7,0.3
473,2005,Orenburg Oblast,3.2,39,9.2,0.7,0.3
474,2005,Oryol Oblast,4.1,39.7,8,1.3,0.3
475,2005,Penza Oblast,10.2,54.3,7.7,1,0.2
476,2005,Perm Krai,8.2,70.1,12.1,0.9,0.4
477,2005,Primorsky Krai,5.2,53.7,15.9,1.6,0.6
478,2005,Pskov Oblast,12.8,63,9.8,0.9,0.2
479,2005,Altai Republic,6,27.1,11.7,1.2,0.1
480,2005,Komi Republic,9.6,70.7,26.7,1.2,0.6
481,2005,Tuva Republic,2.7,29,16.2,0.5,0.1
482,2005,Rostov Oblast,3.8,58.7,6.7,1.3,0.4
483,2005,Ryazan Oblast,4.2,57.6,9.3,1.2,0.2
484,2005,Samara Oblast,3.5,51.1,10.2,0.9,0.3
485,2005,Saint Petersburg,10.3,104.8,16.2,2.4,1.1
486,2005,Saratov Oblast,3.7,44.1,9.6,0.9,0.2
487,2005,Sakhalin Oblast,6.9,39.5,19.1,2.2,1
488,2005,Sverdlovsk Oblast,8.5,80.5,17.3,1,0.6
489,2005,Sevastopol,,,,,
490,2005,Republic of North Ossetia-Alania,2.2,16,3.4,0.5,0.1
491,2005,Smolensk Oblast,7.4,78.9,17.7,1.6,0.3
492,2005,Stavropol Krai,6.8,60.6,8,1.5,0.5
493,2005,Tambov Oblast,1.7,56.5,9.8,1.5,0.2
494,2005,Republic of Tatarstan,3.7,46.2,13.2,0.9,0.2
495,2005,Tver Oblast,7.4,52.5,19.8,2.2,0.3
496,2005,Tomsk Oblast,8,51.4,13.7,0.7,0.1
497,2005,Tula Oblast,4.6,41.8,11,0.7,0.2
498,2005,Tyumen Oblast,4.2,101.1,18.9,0.7,0.5
499,2005,Udmurt Republic,5.9,41.9,12.2,0.5,0.2
500,2005,Ulyanovsk Oblast,5.2,32.6,11.2,0.8,0.3
501,2005,Khabarovsk Krai,4.9,70.5,15.6,1,0.5
502,2005,Republic of Khakassia,12.2,73.6,16.5,2.3,0.8
503,2005,Khanty–Mansi Autonomous Okrug – Yugra,4.2,101.1,18.9,0.7,0.5
504,2005,Chelyabinsk Oblast,8,90.9,19.5,1.5,0.8
505,2005,Chechen Republic,,,,,
506,2005,Chuvash Republic,4.8,37.6,11.3,0.5,0.2
507,2005,Chukotka Autonomous Okrug,4,9.1,11.1,1.6,0.7
508,2005,Sakha (Yakutia) Republic,5.8,34.4,14,1.3,0.4
509,2005,Yamalo-Nenets Autonomous Okrug,4.2,101.1,18.9,0.7,0.5
510,2005,Yaroslavl Oblast,5.5,62.7,14.5,0.5,0.2
511,2006,Republic of Adygea,3.8,32.4,8.1,0.7,0.3
512,2006,Altai Krai,2.2,50.2,9.7,1,0.2
513,2006,Amur Oblast,5.9,54.8,19.3,0.8,0.3
514,2006,Arkhangelsk Oblast,8.6,43.1,16.9,1.4,0.7
515,2006,Astrakhan Oblast,3.9,59.8,9.6,0.7,0.2
516,2006,Republic of Bashkortostan,2.6,68.4,10.6,0.7,0.2
517,2006,Belgorod Oblast,2.7,46.5,12.4,1.4,0.1
518,2006,Bryansk Oblast,7.5,46.3,10.9,0.9,0.2
519,2006,Republic of Buryatia,5.1,45.2,13,0.5,0.1
520,2006,Vladimir Oblast,4.4,51.4,15.3,1.3,0.3
521,2006,Volgograd Oblast,3.3,60.3,9.5,1.9,0.4
522,2006,Vologda Oblast,7.7,85.2,17.5,0.8,0.6
523,2006,Voronezh Oblast,3.7,62.3,11.1,1.4,0.4
524,2006,Republic of Dagestan,2.9,6.9,11.7,1.3,0.4
525,2006,Jewish Autonomous Oblast,3.7,56.3,7.5,0.4,0.1
526,2006,Zabaykalsky Krai,13.7,207.3,31.7,3.1,1.3
527,2006,Ivanovo Oblast,10.7,99.9,11.1,1,0.4
528,2006,Republic of Ingushetia,0.3,0.9,1,0.1,
529,2006,Irkutsk Oblast,7.2,68.4,23,1.5,1
530,2006,Kabardino-Balkar Republic,2.5,38.1,6.6,1.2,0.5
531,2006,Kaliningrad Oblast,11.6,82.4,16.9,1.4,1
532,2006,Republic of Kalmykia,4.9,34,7.8,1.6,0.2
533,2006,Kaluga Oblast,5.9,96.6,11.3,3,0.4
534,2006,Kamchatka Krai,8,69.1,20.4,2.9,1.2
535,2006,Karachay-Cherkess Republic,3,22.1,5.6,0.4,0.4
536,2006,Republic of Karelia,14.7,40.9,15,0.8,0.5
537,2006,Kemerovo Oblast,4.3,87.8,19.7,1.3,0.4
538,2006,Kirov Oblast,9.5,66.8,12.9,0.9,0.2
539,2006,Kostroma Oblast,5.6,32.4,16.9,0.6,0.2
540,2006,Krasnodar Krai,8.3,59.3,7.2,1.1,0.5
541,2006,Krasnoyarsk Krai,4.4,65.9,9.6,1,0.3
542,2006,Republic of Crimea,,,,,
543,2006,Kurgan Oblast,5,56.9,6.9,0.6,0.2
544,2006,Kursk Oblast,5.4,81.4,7.2,1.3,0.3
545,2006,Leningrad Oblast,9.6,79.3,19.4,2.2,0.9
546,2006,Lipetsk Oblast,3.4,62.3,10.4,0.8,0.2
547,2006,Magadan Oblast,6.6,42.4,16.3,2.5,0.7
548,2006,Mari El Republic,6.3,28.5,12.9,0.7,0.2
549,2006,Republic of Mordovia,5.5,46.1,10.3,0.4,0.1
550,2006,Moscow,5.9,111,23.8,4.2,1.2
551,2006,Moscow Oblast,6.5,38.7,21.2,1.5,1.3
552,2006,Murmansk Oblast,8.3,51.2,19.3,2,0.8
553,2006,Nenets Autonomous Okrug,8.6,43.1,16.9,1.4,0.7
554,2006,Nizhny Novgorod Oblast,7.7,65.8,14.1,1.7,0.3
555,2006,Novgorod Oblast,6.4,41.6,15,0.4,0.2
556,2006,Novosibirsk Oblast,2.7,84.9,7.3,0.3,0.2
557,2006,Omsk Oblast,3.7,30.4,7.1,0.6,0.3
558,2006,Orenburg Oblast,3.3,46.4,10.3,0.8,0.3
559,2006,Oryol Oblast,3.9,44.7,7.7,1.3,0.3
560,2006,Penza Oblast,8.7,56.3,6.7,0.8,0.1
561,2006,Perm Krai,8.1,89.2,12.1,1.1,0.5
562,2006,Primorsky Krai,4.6,59.6,14.8,1.7,0.6
563,2006,Pskov Oblast,11.8,71.6,10,0.9,0.2
564,2006,Altai Republic,4,32.4,9.5,0.8,0.1
565,2006,Komi Republic,9.3,67.2,18.6,1.3,0.6
566,2006,Tuva Republic,1.8,49.2,11.6,0.3,0.1
567,2006,Rostov Oblast,3.3,57.3,5.6,1.3,0.4
568,2006,Ryazan Oblast,4,58.1,9.3,1.3,0.2
569,2006,Samara Oblast,3.8,60.8,9.3,1.3,0.3
570,2006,Saint Petersburg,7.6,125.3,16.4,2.4,1.4
571,2006,Saratov Oblast,4,57.8,8.8,0.8,0.2
572,2006,Sakhalin Oblast,6.2,54.5,17.1,1.9,1.1
573,2006,Sverdlovsk Oblast,8.8,96.1,19.7,0.9,0.6
574,2006,Sevastopol,,,,,
575,2006,Republic of North Ossetia-Alania,2.5,17.5,3.8,0.7,0.1
576,2006,Smolensk Oblast,7.4,66.2,17.8,1.8,0.3
577,2006,Stavropol Krai,7.3,72,6.3,1.4,0.6
578,2006,Tambov Oblast,2,57.9,9.7,1.3,0.2
579,2006,Republic of Tatarstan,3.1,68.3,13.6,0.8,0.2
580,2006,Tver Oblast,6.4,64.6,18.1,2.4,0.4
581,2006,Tomsk Oblast,6.3,61.2,13.4,0.6,0.1
582,2006,Tula Oblast,5,43.7,8.6,1.2,0.3
583,2006,Tyumen Oblast,3,106.6,19.8,0.6,0.4
584,2006,Udmurt Republic,6.8,51.3,13.4,0.6,0.2
585,2006,Ulyanovsk Oblast,4.5,49.5,7.9,0.9,0.4
586,2006,Khabarovsk Krai,4.3,85.7,14.4,1.4,0.6
587,2006,Republic of Khakassia,12.4,90.1,16.7,2.1,0.7
588,2006,Khanty–Mansi Autonomous Okrug – Yugra,3,106.6,19.8,0.6,0.4
589,2006,Chelyabinsk Oblast,8.2,103.9,16,1.5,0.9
590,2006,Chechen Republic,,,,,
591,2006,Chuvash Republic,4.6,46,14,0.9,0.2
592,2006,Chukotka Autonomous Okrug,5.5,11,17,2.1,0.7
593,2006,Sakha (Yakutia) Republic,6.3,39.4,12.9,1.1,0.4
594,2006,Yamalo-Nenets Autonomous Okrug,3,106.6,19.8,0.6,0.4
595,2006,Yaroslavl Oblast,5.7,66.8,14.7,0.6,0.3
596,2007,Republic of Adygea,4.1,31.6,6.8,0.7,0.5
597,2007,Altai Krai,2.5,52.8,6.9,1.2,0.2
598,2007,Amur Oblast,5.7,64.6,17.3,1,0.3
599,2007,Arkhangelsk Oblast,10.1,40.3,15.6,1.6,0.8
600,2007,Astrakhan Oblast,4.1,64,9.6,0.9,0.3
601,2007,Republic of Bashkortostan,3,68.7,11.1,0.9,0.2
602,2007,Belgorod Oblast,4.5,55.6,11,1.6,0.2
603,2007,Bryansk Oblast,7.5,60.4,9.6,1.1,0.2
604,2007,Republic of Buryatia,6.2,39.4,14.2,0.5,0.1
605,2007,Vladimir Oblast,6.9,51.7,12.6,1.4,0.4
606,2007,Volgograd Oblast,4.9,74.6,8.6,1.9,0.4
607,2007,Vologda Oblast,9.4,86.3,16.2,0.8,0.4
608,2007,Voronezh Oblast,4.7,74.3,11.9,1.5,0.5
609,2007,Republic of Dagestan,2.4,5.9,12.2,1.2,0.3
610,2007,Jewish Autonomous Oblast,4.4,52.3,9.1,0.9,0.4
611,2007,Zabaykalsky Krai,6.7,61.9,13.5,0.8,0.2
612,2007,Ivanovo Oblast,8.9,106.2,13.5,1.3,0.4
613,2007,Republic of Ingushetia,0.3,1,1,0.1,
614,2007,Irkutsk Oblast,5.4,76.7,11.6,1.1,0.3
615,2007,Kabardino-Balkar Republic,2.9,24.3,5.1,1,0.4
616,2007,Kaliningrad Oblast,12.3,73.8,17.3,1.6,0.9
617,2007,Republic of Kalmykia,4.8,29.3,8.1,0.6,0.3
618,2007,Kaluga Oblast,6.4,71.4,11.8,2.3,0.5
619,2007,Kamchatka Krai,7.8,69.6,18.6,3.3,1.5
620,2007,Karachay-Cherkess Republic,2,23,5.1,0.4,0.4
621,2007,Republic of Karelia,11.9,45.7,15.9,1.2,0.6
622,2007,Kemerovo Oblast,8.8,65.1,19.6,1.8,0.9
623,2007,Kirov Oblast,12.1,76,13.8,1.3,0.4
624,2007,Kostroma Oblast,7,53.7,15.8,0.9,0.4
625,2007,Krasnodar Krai,8.2,65.5,7.2,1.1,0.5
626,2007,Krasnoyarsk Krai,5.9,84.3,12.5,1.6,0.5
627,2007,Republic of Crimea,,,,,
628,2007,Kurgan Oblast,6.6,68,8,0.9,0.3
629,2007,Kursk Oblast,6.1,72.4,8,1.4,0.4
630,2007,Leningrad Oblast,8.5,73,13.6,1.9,1.1
631,2007,Lipetsk Oblast,6.9,72.5,10.5,1.1,0.3
632,2007,Magadan Oblast,7.3,42,16.3,3.2,0.9
633,2007,Mari El Republic,7.9,28.8,12.7,1,0.2
634,2007,Republic of Mordovia,5.6,47.4,8.9,0.7,0.2
635,2007,Moscow,7.3,101.4,22.9,4.8,1.5
636,2007,Moscow Oblast,8.2,67.4,16.9,2.3,1.4
637,2007,Murmansk Oblast,10.2,53,18.9,1.8,0.9
638,2007,Nenets Autonomous Okrug,10.1,40.3,15.6,1.6,0.8
639,2007,Nizhny Novgorod Oblast,7.1,70,12,1.8,0.5
640,2007,Novgorod Oblast,12.1,44,13.8,1.4,0.6
641,2007,Novosibirsk Oblast,5.3,91.8,16.8,1.6,0.5
642,2007,Omsk Oblast,3,104.2,8.2,0.5,0.2
643,2007,Orenburg Oblast,3.7,52,9.2,0.8,0.4
644,2007,Oryol Oblast,4.6,45.9,7.8,1.4,0.3
645,2007,Penza Oblast,10,55.2,7.6,0.9,0.2
646,2007,Perm Krai,8.8,91.4,13.3,1.2,0.6
647,2007,Primorsky Krai,4.9,66.8,13.5,1.9,0.7
648,2007,Pskov Oblast,10.2,64.7,11.3,1.3,0.4
649,2007,Altai Republic,4.8,39.4,10.5,0.7,0.3
650,2007,Komi Republic,11.2,88.3,15.6,1.8,0.7
651,2007,Tuva Republic,1.9,52.1,13.9,0.5,0.2
652,2007,Rostov Oblast,4.2,60.8,5.3,1.4,0.4
653,2007,Ryazan Oblast,5.7,60.6,9.5,1.2,0.3
654,2007,Samara Oblast,5.8,63.4,9.5,1.4,0.5
655,2007,Saint Petersburg,9.1,106.4,14,2.7,1.4
656,2007,Saratov Oblast,4.5,53.2,9,0.9,0.3
657,2007,Sakhalin Oblast,5.7,52.2,17.8,2.1,0.8
658,2007,Sverdlovsk Oblast,10.3,96.7,17.2,1.3,0.6
659,2007,Sevastopol,,,,,
660,2007,Republic of North Ossetia-Alania,2.5,15.7,3.9,0.6,0.1
661,2007,Smolensk Oblast,8.4,62.8,13.4,1.8,0.4
662,2007,Stavropol Krai,6.8,66.1,6.6,1.4,0.6
663,2007,Tambov Oblast,4.1,56.7,10.4,1,0.3
664,2007,Republic of Tatarstan,3.4,72.6,14.5,1.2,0.3
665,2007,Tver Oblast,6.5,71.5,16.5,2.4,0.4
666,2007,Tomsk Oblast,8.2,59.1,13.9,1.4,0.6
667,2007,Tula Oblast,5.4,43.6,8.6,1.6,0.4
668,2007,Tyumen Oblast,6.6,95.4,15.2,1.8,1.1
669,2007,Udmurt Republic,8,70.4,14.6,0.8,0.3
670,2007,Ulyanovsk Oblast,5.3,52.8,8.1,1.1,0.4
671,2007,Khabarovsk Krai,5,93.7,14.9,2.1,0.7
672,2007,Republic of Khakassia,10.7,73.1,15.3,1.2,1
673,2007,Khanty–Mansi Autonomous Okrug – Yugra,6.6,95.4,15.2,1.8,1.1
674,2007,Chelyabinsk Oblast,12,118.3,14.9,1.7,0.9
675,2007,Chechen Republic,,,,,
676,2007,Chuvash Republic,4.9,40.1,13.8,1.1,0.4
677,2007,Chukotka Autonomous Okrug,6.3,12.7,17.4,2.4,0.8
678,2007,Sakha (Yakutia) Republic,6.9,43.4,13.1,1.6,0.5
679,2007,Yamalo-Nenets Autonomous Okrug,6.6,95.4,15.2,1.8,1.1
680,2007,Yaroslavl Oblast,9.7,70.8,15.1,1.4,0.6
681,2008,Republic of Adygea,5.6,30.9,6.4,1.8,0.9
682,2008,Altai Krai,3.5,53.4,8.2,1.3,0.3
683,2008,Amur Oblast,6.5,71.1,13.8,1.2,0.5
684,2008,Arkhangelsk Oblast,10.7,38.9,16.6,1.6,0.9
685,2008,Astrakhan Oblast,5,67.5,9.1,0.9,0.4
686,2008,Republic of Bashkortostan,2.6,86.1,9.6,0.7,0.2
687,2008,Belgorod Oblast,5.6,57.9,10.1,1.2,0.3
688,2008,Bryansk Oblast,9.1,56.7,10.2,1.2,0.3
689,2008,Republic of Buryatia,6.6,42.9,13.6,0.7,0.1
690,2008,Vladimir Oblast,8.6,52.6,11.7,1.3,0.6
691,2008,Volgograd Oblast,5.9,91.8,7.3,1.5,0.5
692,2008,Vologda Oblast,10.1,89.5,17.5,1.1,0.6
693,2008,Voronezh Oblast,5.5,78.3,12.9,1.4,0.6
694,2008,Republic of Dagestan,3.1,6.6,12.9,0.7,0.3
695,2008,Jewish Autonomous Oblast,5.2,53.2,10,1,0.4
696,2008,Zabaykalsky Krai,6.9,64.1,13.7,0.9,0.3
697,2008,Ivanovo Oblast,11,104.5,11.7,1.3,0.4
698,2008,Republic of Ingushetia,,,,,
699,2008,Irkutsk Oblast,6.5,84.1,12,1.5,0.5
700,2008,Kabardino-Balkar Republic,3.4,25.8,5.2,0.6,0.4
701,2008,Kaliningrad Oblast,9.3,67.2,14.7,2,1.7
702,2008,Republic of Kalmykia,4.5,24.9,7.5,0.4,0.4
703,2008,Kaluga Oblast,7.7,64.6,10.8,1.9,0.7
704,2008,Kamchatka Krai,7.2,73.4,18.2,3.7,1.7
705,2008,Karachay-Cherkess Republic,1.9,27.8,3.7,0.4,0.5
706,2008,Republic of Karelia,14.3,50,17.4,1.4,0.8
707,2008,Kemerovo Oblast,9.3,68.5,17.6,1.6,0.7
708,2008,Kirov Oblast,13.1,84,14.5,1.4,0.5
709,2008,Kostroma Oblast,7.1,62.3,13.2,0.9,0.4
710,2008,Krasnodar Krai,8.7,67.4,7.4,1.3,0.6
711,2008,Krasnoyarsk Krai,6.4,89.2,12.2,1.7,0.6
712,2008,Republic of Crimea,,,,,
713,2008,Kurgan Oblast,9,81.1,9,1,0.4
714,2008,Kursk Oblast,6,69.1,7.7,1.2,0.4
715,2008,Leningrad Oblast,9,73.2,15.1,2.3,1.5
716,2008,Lipetsk Oblast,7.5,74.5,9,1.1,0.4
717,2008,Magadan Oblast,8.1,34.2,17.1,3.6,1.1
718,2008,Mari El Republic,9.9,29.2,13.2,1,0.3
719,2008,Republic of Mordovia,5.7,50.4,9.7,0.8,0.2
720,2008,Moscow,8.4,95.8,20.2,5,1.6
721,2008,Moscow Oblast,7.8,86,15.1,2.4,1.6
722,2008,Murmansk Oblast,10.6,54,17.7,2.7,1.3
723,2008,Nenets Autonomous Okrug,10.7,38.9,16.6,1.6,0.9
724,2008,Nizhny Novgorod Oblast,6.3,62.8,12.2,1.8,0.6
725,2008,Novgorod Oblast,14.5,54.6,14.4,1.8,0.8
726,2008,Novosibirsk Oblast,5.4,90.4,13.6,1.8,0.6
727,2008,Omsk Oblast,4.8,126.3,8.7,1,0.3
728,2008,Orenburg Oblast,4.5,70.1,9.3,0.9,0.4
729,2008,Oryol Oblast,5.1,61.1,8.8,1.7,0.4
730,2008,Penza Oblast,8.3,61.7,7.5,1,0.3
731,2008,Perm Krai,7.6,98.3,11.7,1.3,0.7
732,2008,Primorsky Krai,5.3,78.4,12.6,2.1,0.7
733,2008,Pskov Oblast,9.5,68.8,13.1,1.8,0.7
734,2008,Altai Republic,6,46.7,10.5,0.8,0.4
735,2008,Komi Republic,12.4,89.5,15.8,1.8,0.8
736,2008,Tuva Republic,2,58.8,15.3,0.6,0.3
737,2008,Rostov Oblast,5,55,5.5,1.6,0.5
738,2008,Ryazan Oblast,6.4,58,9.4,1.2,0.4
739,2008,Samara Oblast,6.4,63.9,10.7,1.7,0.6
740,2008,Saint Petersburg,10.4,125.9,12.5,3.6,2.1
741,2008,Saratov Oblast,6.1,32.7,8.6,1.5,0.6
742,2008,Sakhalin Oblast,8.1,64,19.2,3,1.5
743,2008,Sverdlovsk Oblast,10.1,97.7,16,1.5,0.9
744,2008,Sevastopol,,,,,
745,2008,Republic of North Ossetia-Alania,1.9,12.3,3.4,0.4,0.1
746,2008,Smolensk Oblast,9.3,60.7,14.1,2,0.6
747,2008,Stavropol Krai,6.8,65.5,6,1.5,0.7
748,2008,Tambov Oblast,4.8,59.9,9.7,1,0.3
749,2008,Republic of Tatarstan,3.3,76.7,14.6,1.2,0.4
750,2008,Tver Oblast,10.6,72.2,15.7,2.5,1
751,2008,Tomsk Oblast,8.6,67.8,13.6,1.4,0.7
752,2008,Tula Oblast,5.7,46.3,8.5,1.9,0.5
753,2008,Tyumen Oblast,7.2,93.4,15,1.8,1.1
754,2008,Udmurt Republic,9.1,77.2,14.6,1,0.4
755,2008,Ulyanovsk Oblast,6.8,41.1,8,1.3,0.4
756,2008,Khabarovsk Krai,6.5,99.6,16.8,2.9,1.1
757,2008,Republic of Khakassia,9.4,54.6,16.2,1.5,0.7
758,2008,Khanty–Mansi Autonomous Okrug – Yugra,7.2,93.4,15,1.8,1.1
759,2008,Chelyabinsk Oblast,12.4,129.4,15.3,1.7,0.6
760,2008,Chechen Republic,,,,,
761,2008,Chuvash Republic,5.6,39,15.3,1.2,0.5
762,2008,Chukotka Autonomous Okrug,8.4,16.7,23.1,3.2,1.3
763,2008,Sakha (Yakutia) Republic,7.6,44.5,13.5,2,0.6
764,2008,Yamalo-Nenets Autonomous Okrug,7.2,93.4,15,1.8,1.1
765,2008,Yaroslavl Oblast,10.4,71.1,13.9,1.3,0.7
766,2009,Republic of Adygea,6.8,31.5,7.4,1.6,1.2
767,2009,Altai Krai,3.8,51.6,8.5,1.4,0.3
768,2009,Amur Oblast,6.9,75.3,10.5,1.2,0.5
769,2009,Arkhangelsk Oblast,11.3,38.7,15.9,2.1,1.1
770,2009,Astrakhan Oblast,5.9,74,8.7,0.9,0.4
771,2009,Republic of Bashkortostan,2.4,80.8,9.1,1.5,0.2
772,2009,Belgorod Oblast,4.2,44.9,9.3,0.9,0.3
773,2009,Bryansk Oblast,10.5,55,10.5,1.4,0.3
774,2009,Republic of Buryatia,7.3,47.7,14.3,0.7,0.2
775,2009,Vladimir Oblast,8.5,51.4,11.7,1.3,0.6
776,2009,Volgograd Oblast,5.1,76.7,7.6,1.7,0.5
777,2009,Vologda Oblast,12.9,84.8,15.2,1.3,0.5
778,2009,Voronezh Oblast,7.1,73.9,13,1.8,0.6
779,2009,Republic of Dagestan,3.8,6.3,13.2,0.7,0.3
780,2009,Jewish Autonomous Oblast,5.5,58.4,10.7,1.1,0.4
781,2009,Zabaykalsky Krai,6.5,66.8,13.8,1,0.4
782,2009,Ivanovo Oblast,10.9,100.2,10.8,1.3,0.5
783,2009,Republic of Ingushetia,,,0.1,,
784,2009,Irkutsk Oblast,6.3,92.2,11.4,1.3,0.4
785,2009,Kabardino-Balkar Republic,3.2,30.2,3.7,0.4,0.4
786,2009,Kaliningrad Oblast,7.6,62.7,10.5,1.9,1.6
787,2009,Republic of Kalmykia,4,26.8,6.9,0.3,0.4
788,2009,Kaluga Oblast,7.4,50.1,10.2,1.5,0.8
789,2009,Kamchatka Krai,7.6,75,17.5,3.9,1.8
790,2009,Karachay-Cherkess Republic,1.5,29.1,2.8,0.4,0.5
791,2009,Republic of Karelia,13.6,52.4,16.4,1.4,1
792,2009,Kemerovo Oblast,9.2,62.5,13.9,1.3,0.7
793,2009,Kirov Oblast,13.4,77,14.2,1.4,0.5
794,2009,Kostroma Oblast,7.5,60.8,12.4,1,0.4
795,2009,Krasnodar Krai,7.8,58.2,6.4,1.4,0.6
796,2009,Krasnoyarsk Krai,6.4,90,11.6,1.6,0.6
797,2009,Republic of Crimea,,,,,
798,2009,Kurgan Oblast,9.1,84,9,0.9,0.3
799,2009,Kursk Oblast,6.4,70.1,8.4,1.2,0.4
800,2009,Leningrad Oblast,10.8,74.7,18.8,2.4,1.9
801,2009,Lipetsk Oblast,7.9,70.7,9.3,1.2,0.4
802,2009,Magadan Oblast,8.8,41.5,20.8,3.8,1.2
803,2009,Mari El Republic,11.7,29.3,12.2,1,0.3
804,2009,Republic of Mordovia,6,51.2,9.9,0.9,0.2
805,2009,Moscow,9.4,79.7,19.3,4.8,1.8
806,2009,Moscow Oblast,7.5,100.6,13.5,2.3,1.4
807,2009,Murmansk Oblast,10.1,50.3,15.3,2.9,1.4
808,2009,Nenets Autonomous Okrug,11.3,38.7,15.9,2.1,1.1
809,2009,Nizhny Novgorod Oblast,6.7,58.9,11.8,1.8,0.6
810,2009,Novgorod Oblast,14.8,49.1,14,1.8,0.8
811,2009,Novosibirsk Oblast,5.2,78.8,11.2,1.7,0.6
812,2009,Omsk Oblast,5,116.7,7.8,1,0.3
813,2009,Orenburg Oblast,4.2,75.6,7.5,0.9,0.2
814,2009,Oryol Oblast,5.7,58.8,9.1,1.7,0.5
815,2009,Penza Oblast,8.8,58.6,7.4,1.1,0.3
816,2009,Perm Krai,7.2,84.6,10.9,1.2,0.6
817,2009,Primorsky Krai,5.6,69.8,11.7,2.3,0.8
818,2009,Pskov Oblast,10.3,62.3,13.5,1.7,0.7
819,2009,Altai Republic,5.5,60.7,10.4,0.8,0.4
820,2009,Komi Republic,13.1,90.8,16.7,1.9,0.8
821,2009,Tuva Republic,2.9,64.3,15.2,0.6,0.3
822,2009,Rostov Oblast,5,51,5.5,1.5,0.5
823,2009,Ryazan Oblast,6.4,55.6,8.4,1.2,0.4
824,2009,Samara Oblast,7,58,10.2,1.5,0.5
825,2009,Saint Petersburg,7.7,143,9.4,2.4,1.3
826,2009,Saratov Oblast,5.8,42.7,8.5,1.4,0.7
827,2009,Sakhalin Oblast,7.7,51.4,19.2,3.5,1.4
828,2009,Sverdlovsk Oblast,8.9,95.8,14.9,1.4,0.8
829,2009,Sevastopol,,,,,
830,2009,Republic of North Ossetia-Alania,1.5,11.7,3,0.4,0.2
831,2009,Smolensk Oblast,10.2,57.4,13.5,1.7,0.6
832,2009,Stavropol Krai,6.4,63.6,5,1.6,0.8
833,2009,Tambov Oblast,5.4,64.1,10,1.2,0.3
834,2009,Republic of Tatarstan,3,78.8,13.3,1.2,0.4
835,2009,Tver Oblast,8.9,67,15.3,2,0.9
836,2009,Tomsk Oblast,6.8,58.6,12.7,1.1,0.7
837,2009,Tula Oblast,6.5,47.1,8.8,1.9,0.5
838,2009,Tyumen Oblast,7.1,86.6,13.2,1.8,1.3
839,2009,Udmurt Republic,10.9,78.6,13,1,0.4
840,2009,Ulyanovsk Oblast,6.4,39.9,8.3,1.2,0.4
841,2009,Khabarovsk Krai,6.2,94.7,15.5,2.9,0.9
842,2009,Republic of Khakassia,6.1,58.5,11.1,0.7,0.4
843,2009,Khanty–Mansi Autonomous Okrug – Yugra,7.1,86.6,13.2,1.8,1.3
844,2009,Chelyabinsk Oblast,12.7,120.8,15.2,1.8,0.6
845,2009,Chechen Republic,,,,,
846,2009,Chuvash Republic,4.9,38.7,14.4,1.2,0.5
847,2009,Chukotka Autonomous Okrug,4.9,9.8,15.5,1.9,1.5
848,2009,Sakha (Yakutia) Republic,4.8,46.6,13.5,2,0.7
849,2009,Yamalo-Nenets Autonomous Okrug,7.1,86.6,13.2,1.8,1.3
850,2009,Yaroslavl Oblast,10,71.5,13.6,1.6,0.7
851,2010,Republic of Adygea,6.2,31.5,6.6,1.6,1
852,2010,Altai Krai,4.1,59,9.8,1.5,0.4
853,2010,Amur Oblast,7.6,75.8,11.6,1.6,0.6
854,2010,Arkhangelsk Oblast,12,40.2,16.2,2.6,1.2
855,2010,Astrakhan Oblast,6.1,77.1,9.2,1,0.5
856,2010,Republic of Bashkortostan,2.2,79.6,8.7,0.5,0.2
857,2010,Belgorod Oblast,3,35.6,6.5,0.9,0.4
858,2010,Bryansk Oblast,9.7,53.2,10.8,1.6,0.4
859,2010,Republic of Buryatia,7.8,43.5,14.4,0.8,0.3
860,2010,Vladimir Oblast,9,49,12,1.4,0.6
861,2010,Volgograd Oblast,5,66.1,6.9,1.6,0.5
862,2010,Vologda Oblast,9.2,85.9,12.9,0.9,0.4
863,2010,Voronezh Oblast,6.6,71.4,9.4,1.9,0.5
864,2010,Republic of Dagestan,3.3,3.1,10.2,0.4,0.3
865,2010,Jewish Autonomous Oblast,5.5,59.1,12.1,1.2,0.4
866,2010,Zabaykalsky Krai,6.4,65.3,13.4,1,0.4
867,2010,Ivanovo Oblast,9.5,86.4,10.2,1.5,0.5
868,2010,Republic of Ingushetia,,,0.05,,
869,2010,Irkutsk Oblast,6.5,85.4,11.4,1.3,0.5
870,2010,Kabardino-Balkar Republic,3.2,26.1,3.5,0.4,0.4
871,2010,Kaliningrad Oblast,8.6,57.6,15.6,2,1.9
872,2010,Republic of Kalmykia,2.8,24.3,5.5,0.3,0.4
873,2010,Kaluga Oblast,8.9,53.7,11.2,1.6,0.8
874,2010,Kamchatka Krai,7.7,75.6,16.9,4.1,1.8
875,2010,Karachay-Cherkess Republic,1.4,28.4,2.3,0.5,0.5
876,2010,Republic of Karelia,12.9,55.1,17.6,1.6,1.2
877,2010,Kemerovo Oblast,9,67.1,13.6,1.3,0.6
878,2010,Kirov Oblast,11,77.4,15.2,1.8,0.5
879,2010,Kostroma Oblast,8.5,56.1,12.8,1.2,0.5
880,2010,Krasnodar Krai,6.7,55.2,6.2,1.5,0.6
881,2010,Krasnoyarsk Krai,6.5,85.9,11.3,1.8,0.7
882,2010,Republic of Crimea,,,,,
883,2010,Kurgan Oblast,8.4,82.4,8.5,0.9,0.4
884,2010,Kursk Oblast,6.6,69.4,8.4,1.3,0.4
885,2010,Leningrad Oblast,10.5,77.3,17.8,2.3,2
886,2010,Lipetsk Oblast,8.2,74.5,9.3,1.4,0.5
887,2010,Magadan Oblast,7.9,55.5,18.1,4,1.5
888,2010,Mari El Republic,10.6,30.6,12.3,1,0.4
889,2010,Republic of Mordovia,6.3,55,10.5,1,0.3
890,2010,Moscow,10.1,87.8,16.6,4.9,1.8
891,2010,Moscow Oblast,8.3,100.6,13,2.7,1.4
892,2010,Murmansk Oblast,10.3,51.4,12.7,3.3,1.5
893,2010,Nenets Autonomous Okrug,12,40.2,16.2,2.6,1.2
894,2010,Nizhny Novgorod Oblast,7.9,51.8,11.5,1.8,0.7
895,2010,Novgorod Oblast,14.8,49.6,14.7,1.9,0.9
896,2010,Novosibirsk Oblast,5.4,70.9,10.7,1.8,0.7
897,2010,Omsk Oblast,5.6,118.8,6.9,1.2,0.4
898,2010,Orenburg Oblast,4.3,68.6,6.8,0.9,0.3
899,2010,Oryol Oblast,6.6,61.4,8.5,1.6,0.4
900,2010,Penza Oblast,7.8,62.6,7.6,1.2,0.3
901,2010,Perm Krai,6.6,78.1,10.7,1.2,0.6
902,2010,Primorsky Krai,5.5,70.8,11.1,2.7,0.8
903,2010,Pskov Oblast,13.6,58.1,15.1,2,0.9
904,2010,Altai Republic,6.1,59.9,9.9,1.1,0.4
905,2010,Komi Republic,12.8,90.4,17.1,2.2,1
906,2010,Tuva Republic,5.1,77.7,15.2,0.6,0.4
907,2010,Rostov Oblast,5.2,47.5,5.3,1.7,0.6
908,2010,Ryazan Oblast,6.7,58.6,8.7,1.4,0.5
909,2010,Samara Oblast,6.2,61.4,9.4,1.9,0.6
910,2010,Saint Petersburg,8.4,113.2,9.5,3,1.2
911,2010,Saratov Oblast,5.7,47.6,8.6,1.6,0.6
912,2010,Sakhalin Oblast,8.8,59.5,18.8,3.8,1.5
913,2010,Sverdlovsk Oblast,10.7,91.4,14.1,1.7,0.9
914,2010,Sevastopol,,,,,
915,2010,Republic of North Ossetia-Alania,1.7,14.3,3.2,0.4,0.3
916,2010,Smolensk Oblast,10.7,54.2,13.4,2.3,0.7
917,2010,Stavropol Krai,5.4,66.5,4.4,1.5,0.8
918,2010,Tambov Oblast,5.4,71.2,8.1,1.3,0.4
919,2010,Republic of Tatarstan,3.5,78.5,13.5,1.4,0.5
920,2010,Tver Oblast,9.4,65.5,14.8,2,0.8
921,2010,Tomsk Oblast,7.6,51.1,12.4,1.5,0.7
922,2010,Tula Oblast,6.2,47.6,9.2,2.3,0.6
923,2010,Tyumen Oblast,7.7,87.4,12.8,2,1.3
924,2010,Udmurt Republic,10.9,80.4,12.1,0.9,0.5
925,2010,Ulyanovsk Oblast,7,40,8.8,1.6,0.5
926,2010,Khabarovsk Krai,6.5,101.4,16.5,3.1,1.1
927,2010,Republic of Khakassia,7.4,57.7,11.5,1.2,0.6
928,2010,Khanty–Mansi Autonomous Okrug – Yugra,7.7,87.4,12.8,2,1.3
929,2010,Chelyabinsk Oblast,9.8,108.9,11.9,1.7,0.6
930,2010,Chechen Republic,,,,,
931,2010,Chuvash Republic,5.7,39,14.8,1.2,0.5
932,2010,Chukotka Autonomous Okrug,5.5,17.7,15.9,2.8,1.4
933,2010,Sakha (Yakutia) Republic,5.2,50.1,12.8,2,0.7
934,2010,Yamalo-Nenets Autonomous Okrug,7.7,87.4,12.8,2,1.3
935,2010,Yaroslavl Oblast,11.3,76.3,12.2,2.1,0.8
936,2011,Republic of Adygea,3.29,35.82,6.9,1.24,0.75
937,2011,Altai Krai,4.51,63.39,10.75,1.54,0.4
938,2011,Amur Oblast,7.21,83.27,12.02,1.9,0.64
939,2011,Arkhangelsk Oblast,12.23,41.6,16.64,2.59,1.24
940,2011,Astrakhan Oblast,4.92,77.01,8.74,0.97,0.56
941,2011,Republic of Bashkortostan,3.04,63.87,10.97,0.85,0.28
942,2011,Belgorod Oblast,3.6,35.87,7.25,1.18,0.56
943,2011,Bryansk Oblast,9.96,49.13,10.56,1.69,0.43
944,2011,Republic of Buryatia,7.31,39.05,13.58,0.77,0.24
945,2011,Vladimir Oblast,8.43,46.74,12.26,1.48,0.64
946,2011,Volgograd Oblast,4.82,67.13,6.59,1.66,0.6
947,2011,Vologda Oblast,10.34,88.83,15.44,1.29,0.64
948,2011,Voronezh Oblast,6.02,81.01,8.41,1.9,0.44
949,2011,Republic of Dagestan,3.27,2.74,7.88,0.38,0.37
950,2011,Jewish Autonomous Oblast,5.06,59.83,12.17,1.31,0.5
951,2011,Zabaykalsky Krai,6.52,66.83,13.81,1.07,0.45
952,2011,Ivanovo Oblast,9.71,88.42,11.14,1.57,0.57
953,2011,Republic of Ingushetia,,,,,
954,2011,Irkutsk Oblast,6.1,77.29,10.98,1.4,0.51
955,2011,Kabardino-Balkar Republic,2.66,23.28,3.08,0.55,0.39
956,2011,Kaliningrad Oblast,7.98,56.95,14.65,2.03,2.13
957,2011,Republic of Kalmykia,2.47,17.9,4.87,0.33,0.42
958,2011,Kaluga Oblast,9.26,57.93,11.62,1.78,0.86
959,2011,Kamchatka Krai,7.59,77.77,16.83,4.2,1.76
960,2011,Karachay-Cherkess Republic,1.36,29.53,2.17,0.47,0.46
961,2011,Republic of Karelia,11.98,56.94,19.33,1.87,1.6
962,2011,Kemerovo Oblast,7.48,71.37,13.7,1.48,0.61
963,2011,Kirov Oblast,9.23,82.05,15.09,1.82,0.55
964,2011,Kostroma Oblast,8.11,59.69,11.87,1.28,0.51
965,2011,Krasnodar Krai,6.47,59.93,6.47,1.79,0.92
966,2011,Krasnoyarsk Krai,6.22,79.04,10.98,1.73,0.75
967,2011,Republic of Crimea,,,,,
968,2011,Kurgan Oblast,6.98,85.81,7.72,1.01,0.42
969,2011,Kursk Oblast,6.33,71.19,7.73,1.43,0.49
970,2011,Leningrad Oblast,8.54,86.7,15.38,2.52,1.62
971,2011,Lipetsk Oblast,6.48,77.72,8.85,1.32,0.45
972,2011,Magadan Oblast,8.17,55.4,17.53,4.06,1.6
973,2011,Mari El Republic,8.57,32.79,12.48,1.05,0.42
974,2011,Republic of Mordovia,6.15,56.93,10.79,1.01,0.35
975,2011,Moscow,9.85,91.28,16.92,5.14,1.8
976,2011,Moscow Oblast,7.6,108.64,12.96,2.77,1.31
977,2011,Murmansk Oblast,10.72,51.86,12.6,3.32,1.52
978,2011,Nenets Autonomous Okrug,10.53,33.24,21.69,5.56,1.75
979,2011,Nizhny Novgorod Oblast,7.66,51.77,10.98,1.68,0.65
980,2011,Novgorod Oblast,13.71,49.97,14.89,2.51,1.06
981,2011,Novosibirsk Oblast,4.9,84.83,10.37,1.76,0.69
982,2011,Omsk Oblast,5.02,126.93,6.78,1.28,0.44
983,2011,Orenburg Oblast,4.5,66.58,6.38,1.1,0.3
984,2011,Oryol Oblast,6.8,62.18,8.11,1.66,0.47
985,2011,Penza Oblast,7.37,87.37,7.89,1.22,0.39
986,2011,Perm Krai,6.07,79.01,10.1,1.24,0.64
987,2011,Primorsky Krai,6.03,72.22,10.91,2.72,0.82
988,2011,Pskov Oblast,12.75,48.17,13.5,2.29,0.88
989,2011,Altai Republic,5.71,61.96,10.19,1.16,0.52
990,2011,Komi Republic,10.75,94.74,17.83,2.25,1.09
991,2011,Tuva Republic,4.26,81.21,15.33,0.77,0.37
992,2011,Rostov Oblast,4.61,48.69,5.27,1.6,0.6
993,2011,Ryazan Oblast,7.96,65.73,8.32,1.41,0.5
994,2011,Samara Oblast,5.97,61.93,9.5,2.38,0.7
995,2011,Saint Petersburg,6.9,82.93,9.01,2.71,1.13
996,2011,Saratov Oblast,5.46,50.3,8.75,1.69,0.58
997,2011,Sakhalin Oblast,8.5,67.32,18.51,3.89,1.52
998,2011,Sverdlovsk Oblast,8.67,92.02,12.81,1.85,0.9
999,2011,Sevastopol,,,,,
1000,2011,Republic of North Ossetia-Alania,1.72,17.65,3.35,0.58,0.26
1001,2011,Smolensk Oblast,9.27,57.03,12.46,2.39,0.73
1002,2011,Stavropol Krai,5.97,65.12,5.14,2.01,0.94
1003,2011,Tambov Oblast,5.77,69.91,8.18,1.31,0.45
1004,2011,Republic of Tatarstan,3.71,83.81,13.19,1.36,0.49
1005,2011,Tver Oblast,8.69,66.51,13.86,1.85,0.81
1006,2011,Tomsk Oblast,7.41,46.4,12.54,1.63,0.75
1007,2011,Tula Oblast,6.34,51.53,9.55,2.46,0.5
1008,2011,Tyumen Oblast,7.3,86.65,12.09,2.1,1.29
1009,2011,Udmurt Republic,7.95,87.28,13.38,0.99,0.72
1010,2011,Ulyanovsk Oblast,7.41,54.9,8.49,1.54,0.53
1011,2011,Khabarovsk Krai,5.79,104.94,16.87,3.08,1.09
1012,2011,Republic of Khakassia,6.11,68,12.16,1.17,0.76
1013,2011,Khanty–Mansi Autonomous Okrug – Yugra,6.69,73.66,12.43,2.29,1.66
1014,2011,Chelyabinsk Oblast,8.34,85.8,11.53,1.54,0.55
1015,2011,Chechen Republic,,,,,
1016,2011,Chuvash Republic,5.24,39.06,14.03,1.29,0.62
1017,2011,Chukotka Autonomous Okrug,5.23,16.91,14.74,2.9,1.58
1018,2011,Sakha (Yakutia) Republic,5.87,55.04,11.97,2.07,0.65
1019,2011,Yamalo-Nenets Autonomous Okrug,6.33,100.92,14.07,2.53,1.78
1020,2011,Yaroslavl Oblast,10.27,77.3,11.84,1.68,0.85
1021,2012,Republic of Adygea,3.1,34.5,5.6,1.3,0.7
1022,2012,Altai Krai,4.8,70.4,11,1.5,0.4
1023,2012,Amur Oblast,5.8,75.8,13.3,1.9,0.6
1024,2012,Arkhangelsk Oblast,9.2,49.2,14.4,2.3,1.1
1025,2012,Astrakhan Oblast,4.7,79.7,9.5,1.1,0.7
1026,2012,Republic of Bashkortostan,4,78.3,11.7,0.8,0.4
1027,2012,Belgorod Oblast,3.3,39.5,7,1.3,0.7
1028,2012,Bryansk Oblast,8.4,50.9,10,1.6,0.5
1029,2012,Republic of Buryatia,7.6,38.5,13.1,0.6,0.3
1030,2012,Vladimir Oblast,8,46.6,11.9,1.5,0.7
1031,2012,Volgograd Oblast,4.5,71.6,5.9,1.7,0.5
1032,2012,Vologda Oblast,9.8,108.6,14.9,1.3,0.8
1033,2012,Voronezh Oblast,7.5,83.3,8.5,2,0.6
1034,2012,Republic of Dagestan,1.6,2.5,8,0.4,0.4
1035,2012,Jewish Autonomous Oblast,4.7,61.7,12.7,1.5,0.5
1036,2012,Zabaykalsky Krai,6.6,68,13.6,1.1,0.4
1037,2012,Ivanovo Oblast,9.2,92.8,11.9,1.7,0.6
1038,2012,Republic of Ingushetia,,,,,
1039,2012,Irkutsk Oblast,6.3,71.7,10.8,1.5,0.6
1040,2012,Kabardino-Balkar Republic,1.7,20.4,2.3,0.5,0.3
1041,2012,Kaliningrad Oblast,8.6,61,14.8,1.7,2.3
1042,2012,Republic of Kalmykia,2.7,15.9,4.9,0.4,0.5
1043,2012,Kaluga Oblast,9.3,64,11.9,2,0.9
1044,2012,Kamchatka Krai,7.5,76,15.4,4.3,1.8
1045,2012,Karachay-Cherkess Republic,1.3,28.7,1.8,0.5,0.4
1046,2012,Republic of Karelia,10.6,58.2,18,1.7,1.4
1047,2012,Kemerovo Oblast,5.9,75.3,14.2,1.6,0.7
1048,2012,Kirov Oblast,8.1,81.4,15.1,1.7,0.6
1049,2012,Kostroma Oblast,7.7,79.6,12.3,1.3,0.5
1050,2012,Krasnodar Krai,5.7,63.1,5.8,1.7,0.9
1051,2012,Krasnoyarsk Krai,6.1,77.5,10.8,1.7,0.8
1052,2012,Republic of Crimea,,,,,
1053,2012,Kurgan Oblast,5.8,82.5,7.5,1.1,0.4
1054,2012,Kursk Oblast,5.6,60.7,7.7,1.5,0.6
1055,2012,Leningrad Oblast,7.4,81.3,14.4,2.1,1.5
1056,2012,Lipetsk Oblast,5.7,77.7,8.1,1.4,0.5
1057,2012,Magadan Oblast,8,59.9,24.3,4.9,2.1
1058,2012,Mari El Republic,8.8,31.2,12.4,1.2,0.6
1059,2012,Republic of Mordovia,6.1,58.7,10.8,1,0.4
1060,2012,Moscow,9.7,89.9,16.5,5,1.7
1061,2012,Moscow Oblast,7.4,101,11.3,2.6,1.5
1062,2012,Murmansk Oblast,10.8,52.6,13.1,3.4,1.7
1063,2012,Nenets Autonomous Okrug,9.9,54.9,19,2.7,1.4
1064,2012,Nizhny Novgorod Oblast,7.3,53.5,10.5,1.8,0.7
1065,2012,Novgorod Oblast,13.1,50,14.7,2.6,1.1
1066,2012,Novosibirsk Oblast,5.4,89.7,9.7,1.9,0.8
1067,2012,Omsk Oblast,5.1,125.2,7,1.4,0.5
1068,2012,Orenburg Oblast,4.5,65.2,6.5,1.2,0.4
1069,2012,Oryol Oblast,6.4,66.8,8,1.7,0.5
1070,2012,Penza Oblast,6,97.9,7.3,1,0.4
1071,2012,Perm Krai,5.6,82.7,9.7,1.4,0.8
1072,2012,Primorsky Krai,6.7,67.3,11.2,2.3,0.8
1073,2012,Pskov Oblast,9.5,43.1,12.1,1.8,0.9
1074,2012,Altai Republic,5.2,62.9,9.9,1,0.5
1075,2012,Komi Republic,9.6,90,18.9,2.2,1.3
1076,2012,Tuva Republic,3.8,95.8,12.1,0.8,0.4
1077,2012,Rostov Oblast,4,50.8,5.3,1.6,0.7
1078,2012,Ryazan Oblast,6.5,71.4,9.2,1.6,0.6
1079,2012,Samara Oblast,6.4,56,8.2,1.9,0.7
1080,2012,Saint Petersburg,8,77.2,8.6,2.8,1.3
1081,2012,Saratov Oblast,5.5,54.1,8.8,1.4,0.6
1082,2012,Sakhalin Oblast,8.1,67.2,17.1,3.8,1.4
1083,2012,Sverdlovsk Oblast,7.6,90.8,11.6,1.9,0.9
1084,2012,Sevastopol,,,,,
1085,2012,Republic of North Ossetia-Alania,1.4,21,2.8,0.6,0.3
1086,2012,Smolensk Oblast,8,58.3,13,2.2,1
1087,2012,Stavropol Krai,5.5,63.1,5.3,2.1,1
1088,2012,Tambov Oblast,6.6,78.8,8.5,1.2,0.5
1089,2012,Republic of Tatarstan,3.7,87.1,13.1,1.2,0.6
1090,2012,Tver Oblast,9.8,64.6,13.8,1.7,1
1091,2012,Tomsk Oblast,7.9,42.4,12,1.5,0.8
1092,2012,Tula Oblast,6.4,45.6,9.2,2.3,0.6
1093,2012,Tyumen Oblast,7.4,85.5,12,2,1.3
1094,2012,Udmurt Republic,8,96.1,13.1,1,0.6
1095,2012,Ulyanovsk Oblast,6.6,54.6,8.2,1.6,0.5
1096,2012,Khabarovsk Krai,6.2,98.2,17.8,3.6,1
1097,2012,Republic of Khakassia,4.7,70.3,11.2,1,0.6
1098,2012,Khanty–Mansi Autonomous Okrug – Yugra,6.8,72.4,12.2,2.1,1.6
1099,2012,Chelyabinsk Oblast,7,77.2,11.8,2.1,0.6
1100,2012,Chechen Republic,,,,,
1101,2012,Chuvash Republic,5.2,41.6,13.9,1.2,0.6
1102,2012,Chukotka Autonomous Okrug,5.1,24,13.7,3,1.6
1103,2012,Sakha (Yakutia) Republic,5.8,56,11.7,2.4,0.7
1104,2012,Yamalo-Nenets Autonomous Okrug,6.3,99.9,14.1,2.5,1.8
1105,2012,Yaroslavl Oblast,9.7,73.4,12.7,1.9,1.1
1106,2013,Republic of Adygea,2.9,37,4.7,1.2,0.7
1107,2013,Altai Krai,4.4,64.6,8.7,1.4,0.4
1108,2013,Amur Oblast,6.7,75.1,10.2,1.9,0.7
1109,2013,Arkhangelsk Oblast,9.2,49.2,14.4,2.3,1.1
1110,2013,Astrakhan Oblast,4.2,79.1,7.3,1,0.6
1111,2013,Republic of Bashkortostan,4,90.3,10.8,0.8,0.6
1112,2013,Belgorod Oblast,3.1,45.7,6.6,1.3,0.6
1113,2013,Bryansk Oblast,7.5,42.4,7.8,1.6,0.5
1114,2013,Republic of Buryatia,4.3,40,10.5,0.7,0.3
1115,2013,Vladimir Oblast,7.2,45.8,10.9,1.6,0.8
1116,2013,Volgograd Oblast,4.6,78.4,4.7,1.7,0.5
1117,2013,Vologda Oblast,8.2,92,12.9,1.3,0.7
1118,2013,Voronezh Oblast,7,85.2,8,2.3,0.5
1119,2013,Republic of Dagestan,1,2.1,4.8,0.3,0.3
1120,2013,Jewish Autonomous Oblast,4.5,65.1,10.1,1.7,0.5
1121,2013,Zabaykalsky Krai,6.4,64.5,12.7,1.1,0.4
1122,2013,Ivanovo Oblast,8.8,84.7,9.3,1.7,0.6
1123,2013,Republic of Ingushetia,,,,,
1124,2013,Irkutsk Oblast,5.8,71.6,9.4,1.5,0.6
1125,2013,Kabardino-Balkar Republic,0.8,17.8,1.6,0.3,0.2
1126,2013,Kaliningrad Oblast,6.9,57.6,13.2,1.9,2.1
1127,2013,Republic of Kalmykia,2.2,13.6,4.3,0.3,0.4
1128,2013,Kaluga Oblast,8.6,52.3,11.7,1.7,0.9
1129,2013,Kamchatka Krai,6.7,76.3,15.1,4.1,1.8
1130,2013,Karachay-Cherkess Republic,1.1,28.1,1.2,0.4,0.3
1131,2013,Republic of Karelia,10.8,58.3,15.4,1.7,1.3
1132,2013,Kemerovo Oblast,5.9,72.6,11.3,1.8,0.8
1133,2013,Kirov Oblast,8.1,73.3,12.9,1.4,0.6
1134,2013,Kostroma Oblast,6.6,52.4,11.5,1.3,0.6
1135,2013,Krasnodar Krai,5.1,64.1,5,1.8,0.8
1136,2013,Krasnoyarsk Krai,5.4,73.9,9.4,1.7,0.8
1137,2013,Republic of Crimea,,,,,
1138,2013,Kurgan Oblast,4.9,77.6,5.8,1.3,0.5
1139,2013,Kursk Oblast,5.1,51.9,7.6,1.7,0.6
1140,2013,Leningrad Oblast,6.6,73.6,12.2,2,1.2
1141,2013,Lipetsk Oblast,5.2,72,7.1,1.2,0.5
1142,2013,Magadan Oblast,6.8,61.6,17.8,4.3,2.1
1143,2013,Mari El Republic,8,28.6,10.6,1.1,0.6
1144,2013,Republic of Mordovia,6.3,61.1,9.6,1.3,0.5
1145,2013,Moscow,8.8,92.5,16,5.1,1.7
1146,2013,Moscow Oblast,6.5,99,11.5,2.4,1.5
1147,2013,Murmansk Oblast,10.9,54.1,13.2,3.3,1.7
1148,2013,Nenets Autonomous Okrug,8.4,57.2,14.9,2.6,1.3
1149,2013,Nizhny Novgorod Oblast,6,55.5,8.5,1.6,0.7
1150,2013,Novgorod Oblast,11.3,48.7,12.6,2.4,1.1
1151,2013,Novosibirsk Oblast,5.3,74.9,7.9,1.8,0.7
1152,2013,Omsk Oblast,4.9,103,5,1.5,0.5
1153,2013,Orenburg Oblast,4,63,5.7,1.1,0.3
1154,2013,Oryol Oblast,5.9,73.2,6.7,1.7,0.5
1155,2013,Penza Oblast,6.3,128.5,6,1,0.4
1156,2013,Perm Krai,5.2,74.2,8.7,1.3,0.8
1157,2013,Primorsky Krai,5.9,67.5,11.4,2.3,0.9
1158,2013,Pskov Oblast,7.3,40.5,8,1,0.6
1159,2013,Altai Republic,4.2,59.5,9.1,1,0.4
1160,2013,Komi Republic,9,81.2,16.3,2.4,1.3
1161,2013,Tuva Republic,2.7,90,10.3,0.7,0.4
1162,2013,Rostov Oblast,4.5,52.6,4.6,1.5,0.6
1163,2013,Ryazan Oblast,5.6,66,7.5,1.6,0.6
1164,2013,Samara Oblast,5.7,55.4,6.9,1.9,0.7
1165,2013,Saint Petersburg,6.8,44.2,7.2,2.6,1
1166,2013,Saratov Oblast,4.8,40.3,5.2,1.2,0.6
1167,2013,Sakhalin Oblast,7.2,70.9,15,3.8,1.4
1168,2013,Sverdlovsk Oblast,7.1,91.7,11.8,2,1
1169,2013,Sevastopol,,,,,
1170,2013,Republic of North Ossetia-Alania,1.3,20.7,2.2,0.5,0.2
1171,2013,Smolensk Oblast,7.5,56.1,11.2,2.2,1
1172,2013,Stavropol Krai,4.5,60,4.5,1.9,0.9
1173,2013,Tambov Oblast,5.2,82.4,6.6,1.1,0.5
1174,2013,Republic of Tatarstan,3.8,79.9,10.7,1,0.6
1175,2013,Tver Oblast,7.1,64.5,12.5,1.4,1
1176,2013,Tomsk Oblast,7.6,44.6,11.2,1.5,0.8
1177,2013,Tula Oblast,4.8,46.6,7,1.5,0.6
1178,2013,Tyumen Oblast,6.7,83.5,11.5,2.1,1.3
1179,2013,Udmurt Republic,5.7,82.8,10.9,1,0.7
1180,2013,Ulyanovsk Oblast,5.3,55.2,7.4,1.7,0.5
1181,2013,Khabarovsk Krai,5.7,94.3,14.1,3.1,1
1182,2013,Republic of Khakassia,3.3,68.6,7.1,0.9,0.5
1183,2013,Khanty–Mansi Autonomous Okrug – Yugra,6.1,71.5,11.8,2.2,1.6
1184,2013,Chelyabinsk Oblast,4.7,79.8,6.8,1.9,0.7
1185,2013,Chechen Republic,,,,,
1186,2013,Chuvash Republic,5.2,43.8,11.3,1.2,0.5
1187,2013,Chukotka Autonomous Okrug,4,27,13.4,2.3,1.5
1188,2013,Sakha (Yakutia) Republic,4.7,55.5,10.7,2,0.7
1189,2013,Yamalo-Nenets Autonomous Okrug,5.8,97.7,12.7,2.5,1.7
1190,2013,Yaroslavl Oblast,7.6,79.3,11.1,1.7,1
1191,2014,Republic of Adygea,3.7,28.7,4.1,1.5,0.7
1192,2014,Altai Krai,4.1,52.5,5.5,1,0.3
1193,2014,Amur Oblast,6.1,64,8.3,1.8,0.6
1194,2014,Arkhangelsk Oblast,10.7,64.4,12.8,2,1
1195,2014,Astrakhan Oblast,5.1,62.9,5.8,1,0.7
1196,2014,Republic of Bashkortostan,3.2,75.1,9.5,0.9,0.4
1197,2014,Belgorod Oblast,3,55.5,5.2,1.2,0.3
1198,2014,Bryansk Oblast,8.5,46.9,6.4,1.4,0.5
1199,2014,Republic of Buryatia,4.9,39.3,9,0.8,0.3
1200,2014,Vladimir Oblast,9.6,51.4,7.9,1,0.7
1201,2014,Volgograd Oblast,5.5,72.7,3.6,1.6,0.5
1202,2014,Vologda Oblast,10,63.7,11.1,1.2,0.6
1203,2014,Voronezh Oblast,5.8,63.9,4.9,1.6,0.6
1204,2014,Republic of Dagestan,0.4,2.2,2.9,0.2,0.3
1205,2014,Jewish Autonomous Oblast,5.3,56.1,8.8,1.5,0.4
1206,2014,Zabaykalsky Krai,6.6,38.8,9.2,1.1,0.3
1207,2014,Ivanovo Oblast,8.2,71.6,7,1,0.6
1208,2014,Republic of Ingushetia,,0.4,,,
1209,2014,Irkutsk Oblast,6.2,73.2,7.7,1.5,0.6
1210,2014,Kabardino-Balkar Republic,0.5,17.1,0.6,0.3,0.1
1211,2014,Kaliningrad Oblast,6.9,36.9,7.7,1.5,1.2
1212,2014,Republic of Kalmykia,3.1,17.4,3.6,0.3,0.5
1213,2014,Kaluga Oblast,7.7,46.1,9,1.8,0.9
1214,2014,Kamchatka Krai,6.4,76,13,4,1.7
1215,2014,Karachay-Cherkess Republic,1.2,28.1,0.9,0.4,0.2
1216,2014,Republic of Karelia,12.3,57.5,13.5,1.6,1.2
1217,2014,Kemerovo Oblast,4.5,72.1,7.4,1.2,0.5
1218,2014,Kirov Oblast,8.5,73.8,10.6,1.2,0.6
1219,2014,Kostroma Oblast,7.3,52,9,1.1,0.5
1220,2014,Krasnodar Krai,5.6,66.8,4.2,1.7,0.7
1221,2014,Krasnoyarsk Krai,4.8,61.3,6.7,1.6,0.8
1222,2014,Republic of Crimea,3.7,16.2,3.9,0.8,1.1
1223,2014,Kurgan Oblast,5,70,4.2,1.3,0.4
1224,2014,Kursk Oblast,5.7,44.8,4.3,1.6,0.5
1225,2014,Leningrad Oblast,9.2,49.7,10.6,2,1.3
1226,2014,Lipetsk Oblast,6.4,56.8,5,1.2,0.4
1227,2014,Magadan Oblast,7.7,63.5,16.5,4.3,2
1228,2014,Mari El Republic,8.6,34.6,9.3,1.1,0.6
1229,2014,Republic of Mordovia,8.2,55.9,7.4,0.7,0.4
1230,2014,Moscow,8.5,82.9,15.7,5.1,1.7
1231,2014,Moscow Oblast,8.2,97.7,10.1,2.4,1.3
1232,2014,Murmansk Oblast,8,56.3,11.3,2.7,1.7
1233,2014,Nenets Autonomous Okrug,11.4,49.5,11.5,2.1,1
1234,2014,Nizhny Novgorod Oblast,7.8,56.3,7,1,0.7
1235,2014,Novgorod Oblast,12,53.7,10.5,2,1
1236,2014,Novosibirsk Oblast,6,67.5,6.5,1.9,0.6
1237,2014,Omsk Oblast,4.9,79.7,4.3,1.5,0.5
1238,2014,Orenburg Oblast,4,60.5,3.7,1.2,0.3
1239,2014,Oryol Oblast,6.9,54.4,4.9,1.7,0.5
1240,2014,Penza Oblast,7.2,100.7,4.9,0.9,0.4
1241,2014,Perm Krai,6.5,52.9,8.5,1.3,0.9
1242,2014,Primorsky Krai,6.7,66.1,11.4,2.4,1.1
1243,2014,Pskov Oblast,12.1,47.5,8.4,1.9,0.7
1244,2014,Altai Republic,4.2,39,8.8,1.4,0.4
1245,2014,Komi Republic,10.4,65,14.3,2,1.3
1246,2014,Tuva Republic,2.1,84.6,4,0.7,0.3
1247,2014,Rostov Oblast,4.5,55,3.9,1.3,0.5
1248,2014,Ryazan Oblast,6.7,52.1,5.6,1.4,0.6
1249,2014,Samara Oblast,5.6,59.9,4.9,1.7,0.6
1250,2014,Saint Petersburg,8.2,41.8,7.7,2.9,1.3
1251,2014,Saratov Oblast,5.1,37.8,3.4,1.5,0.5
1252,2014,Sakhalin Oblast,8,76.7,13.4,3.8,1.3
1253,2014,Sverdlovsk Oblast,7.3,73.7,8.4,1.8,0.9
1254,2014,Sevastopol,5.6,26,5.1,2.1,1.3
1255,2014,Republic of North Ossetia-Alania,0.6,19.8,1.3,0.6,0.1
1256,2014,Smolensk Oblast,8.7,55.5,8.8,2.1,0.9
1257,2014,Stavropol Krai,4.8,59.3,3,1.4,0.6
1258,2014,Tambov Oblast,5.2,61.7,3.9,0.8,0.4
1259,2014,Republic of Tatarstan,4.2,70.9,9.3,0.8,0.6
1260,2014,Tver Oblast,8.1,64.2,9.4,1.7,0.8
1261,2014,Tomsk Oblast,5.5,45.1,6.8,1.5,0.7
1262,2014,Tula Oblast,5.3,47.8,5.6,1.3,0.6
1263,2014,Tyumen Oblast,5.2,77.9,9.9,2,1.2
1264,2014,Udmurt Republic,5.9,68.8,9.3,1,0.6
1265,2014,Ulyanovsk Oblast,6.4,47.6,4.9,1.2,0.5
1266,2014,Khabarovsk Krai,5.7,90.9,12,3,0.9
1267,2014,Republic of Khakassia,4.1,82.2,4.6,1.2,0.6
1268,2014,Khanty–Mansi Autonomous Okrug – Yugra,4.4,69.9,10.9,1.8,1.4
1269,2014,Chelyabinsk Oblast,5.9,53.9,5.8,1.7,0.6
1270,2014,Chechen Republic,,4.9,,,
1271,2014,Chuvash Republic,6.5,40.2,9.4,0.7,0.5
1272,2014,Chukotka Autonomous Okrug,9.6,32.7,11.3,2.6,1.5
1273,2014,Sakha (Yakutia) Republic,5.4,56.1,9.8,1.9,0.6
1274,2014,Yamalo-Nenets Autonomous Okrug,5,86.2,10.2,2,1.5
1275,2014,Yaroslavl Oblast,9.9,60.9,9.8,1.5,1
1276,2015,Republic of Adygea,3.9,26,3.5,1.2,0.5
1277,2015,Altai Krai,4.4,45.8,4.5,0.9,0.3
1278,2015,Amur Oblast,6,50.7,6.7,1.5,0.5
1279,2015,Arkhangelsk Oblast,9,49.1,11.8,1.8,0.9
1280,2015,Astrakhan Oblast,4.7,37.4,4.7,0.9,0.6
1281,2015,Republic of Bashkortostan,3.3,42,5.7,0.8,0.4
1282,2015,Belgorod Oblast,2.7,53.4,4.6,1.1,0.3
1283,2015,Bryansk Oblast,8.3,39.5,5.7,1.2,0.5
1284,2015,Republic of Buryatia,5.2,38.3,7.9,0.7,0.3
1285,2015,Vladimir Oblast,9.2,50.9,7.4,1,0.7
1286,2015,Volgograd Oblast,5.2,48.8,3.3,1.4,0.5
1287,2015,Vologda Oblast,8.5,34.7,9.3,1.1,0.6
1288,2015,Voronezh Oblast,5.5,51.1,4.1,1.4,0.5
1289,2015,Republic of Dagestan,0.4,2.1,1.9,0.3,0.3
1290,2015,Jewish Autonomous Oblast,5.4,59,8,1.6,0.4
1291,2015,Zabaykalsky Krai,6.6,31.9,7,0.9,0.3
1292,2015,Ivanovo Oblast,7.7,72.1,6.6,0.9,0.5
1293,2015,Republic of Ingushetia,,0.5,,,
1294,2015,Irkutsk Oblast,6,66.9,6.8,1.4,0.5
1295,2015,Kabardino-Balkar Republic,0.6,16.3,0.5,0.3,0.1
1296,2015,Kaliningrad Oblast,8.6,36.1,7.2,1.4,1.1
1297,2015,Republic of Kalmykia,2.7,19.6,3.4,0.3,0.4
1298,2015,Kaluga Oblast,7.6,45.6,7.6,1.6,0.9
1299,2015,Kamchatka Krai,7,81.2,11.4,3.7,1.5
1300,2015,Karachay-Cherkess Republic,1.1,28.9,0.8,0.3,0.2
1301,2015,Republic of Karelia,11.7,53.8,12,1.5,1.1
1302,2015,Kemerovo Oblast,4.9,72.4,6.8,1.2,0.5
1303,2015,Kirov Oblast,7.5,72.9,9.7,1,0.5
1304,2015,Kostroma Oblast,7,39.1,8.2,1,0.5
1305,2015,Krasnodar Krai,5.6,63,3.8,1.7,0.7
1306,2015,Krasnoyarsk Krai,5.1,60.1,5.9,1.6,0.7
1307,2015,Republic of Crimea,4,42.8,3.8,1.6,0.9
1308,2015,Kurgan Oblast,4.9,63.6,3.3,1.1,0.4
1309,2015,Kursk Oblast,5.5,41.9,3.8,1.4,0.4
1310,2015,Leningrad Oblast,9.5,44.4,9.6,1.8,1.3
1311,2015,Lipetsk Oblast,6.2,40,4.5,1.1,0.4
1312,2015,Magadan Oblast,8.2,59.8,14.1,3.9,1.7
1313,2015,Mari El Republic,8.5,32.4,8.8,0.8,0.6
1314,2015,Republic of Mordovia,5.3,31.4,6.6,0.7,0.3
1315,2015,Moscow,7.5,79.5,13.3,4.5,1.5
1316,2015,Moscow Oblast,8.3,94.9,9.4,2.3,1.2
1317,2015,Murmansk Oblast,8.5,45.7,12.2,2.7,1.9
1318,2015,Nenets Autonomous Okrug,12.8,56.9,12.5,2.6,1.1
1319,2015,Nizhny Novgorod Oblast,6.8,56.9,6.7,1.1,0.7
1320,2015,Novgorod Oblast,10.5,49.3,8.5,1.4,0.9
1321,2015,Novosibirsk Oblast,5.8,55.7,4.9,1.4,0.5
1322,2015,Omsk Oblast,5,60.4,3.4,1.2,0.4
1323,2015,Orenburg Oblast,4.5,42,3.2,1,0.3
1324,2015,Oryol Oblast,7.2,49.4,4.4,1.5,0.5
1325,2015,Penza Oblast,6.2,65.6,4.3,0.7,0.3
1326,2015,Perm Krai,5.8,47.3,6.9,0.9,0.8
1327,2015,Primorsky Krai,6.2,71.5,7.7,2,0.8
1328,2015,Pskov Oblast,9.7,50.9,6.7,1.7,0.7
1329,2015,Altai Republic,4.3,40.3,7.7,1,0.3
1330,2015,Komi Republic,9.5,64.7,13,1.7,1.1
1331,2015,Tuva Republic,1.9,67,2.2,0.5,0.2
1332,2015,Rostov Oblast,4.4,55.3,3.8,1.2,0.5
1333,2015,Ryazan Oblast,6.4,41.5,5.1,1.2,0.5
1334,2015,Samara Oblast,5.7,60.6,4.5,1.3,0.6
1335,2015,Saint Petersburg,8.1,36.1,6.9,2.3,1.3
1336,2015,Saratov Oblast,5,42.4,2.8,0.9,0.4
1337,2015,Sakhalin Oblast,8.8,82.8,13,3.9,1.2
1338,2015,Sverdlovsk Oblast,7.2,63.9,6.8,1.6,0.9
1339,2015,Sevastopol,5,15.2,4.1,2,0.9
1340,2015,Republic of North Ossetia-Alania,0.5,19.2,0.6,0.5,0.1
1341,2015,Smolensk Oblast,8,51.8,7.1,1.7,0.8
1342,2015,Stavropol Krai,3.9,57.5,2.4,1.1,0.5
1343,2015,Tambov Oblast,4.9,58.1,3,0.8,0.3
1344,2015,Republic of Tatarstan,4.2,64,9.1,0.7,0.5
1345,2015,Tver Oblast,7.7,68.6,8.2,1.5,0.7
1346,2015,Tomsk Oblast,5.1,46.2,4.5,1.4,0.6
1347,2015,Tula Oblast,5.5,46.4,4.6,1.1,0.5
1348,2015,Tyumen Oblast,5.2,75.7,8.9,1.9,1.1
1349,2015,Udmurt Republic,5.5,60.3,9,0.9,0.6
1350,2015,Ulyanovsk Oblast,7.6,46.6,5.1,1.5,0.6
1351,2015,Khabarovsk Krai,6,68.3,11.1,2.8,0.8
1352,2015,Republic of Khakassia,4.5,84.3,4.7,1.4,0.5
1353,2015,Khanty–Mansi Autonomous Okrug – Yugra,4.4,68.7,9.8,2,1.3
1354,2015,Chelyabinsk Oblast,4.8,43.6,4.4,1.4,0.5
1355,2015,Chechen Republic,,2.2,,,
1356,2015,Chuvash Republic,6.3,41.4,8.2,0.5,0.4
1357,2015,Chukotka Autonomous Okrug,4.7,31.5,11.2,2.6,1.3
1358,2015,Sakha (Yakutia) Republic,5.1,56,8.9,1.7,0.6
1359,2015,Yamalo-Nenets Autonomous Okrug,4.6,82.7,8.6,1.9,1.3
1360,2015,Yaroslavl Oblast,9.3,39,8.7,1.4,0.9
1361,2016,Republic of Adygea,3.6,27.3,3.6,1,0.5
1362,2016,Altai Krai,4.8,37.3,4.5,0.7,0.3
1363,2016,Amur Oblast,6.2,46.9,6,1.3,0.5
1364,2016,Arkhangelsk Oblast,8.4,51.6,12.2,1.8,0.9
1365,2016,Astrakhan Oblast,4.5,38.3,4.5,0.9,0.6
1366,2016,Republic of Bashkortostan,2.7,61.9,6.8,0.6,0.5
1367,2016,Belgorod Oblast,2.6,53.4,4.2,0.9,0.3
1368,2016,Bryansk Oblast,7,35,4.8,0.7,0.4
1369,2016,Republic of Buryatia,4.8,36.8,7.8,0.8,0.3
1370,2016,Vladimir Oblast,8.8,50.9,7.5,1,0.7
1371,2016,Volgograd Oblast,5.5,39.8,3.3,1.2,0.5
1372,2016,Vologda Oblast,8.6,37.3,9.9,1.2,0.6
1373,2016,Voronezh Oblast,5.5,43.4,4.3,1.3,0.6
1374,2016,Republic of Dagestan,0.1,1,2.2,0.2,0.3
1375,2016,Jewish Autonomous Oblast,5.5,59.6,8.3,1.6,0.5
1376,2016,Zabaykalsky Krai,6.4,30.8,6.8,0.9,0.3
1377,2016,Ivanovo Oblast,8.2,55.4,7.8,1.1,0.5
1378,2016,Republic of Ingushetia,,,,,
1379,2016,Irkutsk Oblast,6.1,61.3,6.8,1.3,0.5
1380,2016,Kabardino-Balkar Republic,0.6,14.5,0.5,0.2,0.1
1381,2016,Kaliningrad Oblast,8.6,38.2,6.2,1.4,1.1
1382,2016,Republic of Kalmykia,2.6,20.3,3.3,0.3,0.4
1383,2016,Kaluga Oblast,7.5,45.1,7.6,1.5,0.9
1384,2016,Kamchatka Krai,6.6,85.4,10.4,3.3,1.3
1385,2016,Karachay-Cherkess Republic,0.9,25.3,0.7,0.2,0.1
1386,2016,Republic of Karelia,11.5,51.7,12.2,1.4,1.2
1387,2016,Kemerovo Oblast,4.9,60.4,7.6,1.2,0.5
1388,2016,Kirov Oblast,7.3,70.4,9.7,1,0.5
1389,2016,Kostroma Oblast,7.2,49.4,8.5,1,0.5
1390,2016,Krasnodar Krai,5.3,63.5,3.8,1.5,0.6
1391,2016,Krasnoyarsk Krai,5.3,58.2,5.8,1.7,0.5
1392,2016,Republic of Crimea,4.4,42.1,5.1,1.7,0.7
1393,2016,Kurgan Oblast,4.6,59.2,3,0.9,0.4
1394,2016,Kursk Oblast,5.3,43.2,4,1.1,0.4
1395,2016,Leningrad Oblast,8.1,41,8.4,1.6,1.3
1396,2016,Lipetsk Oblast,6.2,39.7,4.6,1.1,0.4
1397,2016,Magadan Oblast,7.6,56.5,12.7,3.1,1.3
1398,2016,Mari El Republic,8,38.2,9.5,0.8,0.7
1399,2016,Republic of Mordovia,4.7,46.1,6.5,0.6,0.3
1400,2016,Moscow,6.6,69.2,12.1,4,1.1
1401,2016,Moscow Oblast,8.7,99.1,9.6,2.2,1.3
1402,2016,Murmansk Oblast,8.1,47.6,12.2,2.5,1.9
1403,2016,Nenets Autonomous Okrug,11.7,59.6,11.5,2.6,1
1404,2016,Nizhny Novgorod Oblast,6.3,56.6,6.5,1.1,0.7
1405,2016,Novgorod Oblast,10.6,47.4,8.5,1.4,0.9
1406,2016,Novosibirsk Oblast,6.7,46.6,4.9,1.3,0.6
1407,2016,Omsk Oblast,5,53.2,3.5,1.1,0.5
1408,2016,Orenburg Oblast,4.5,42.4,3.3,1,0.3
1409,2016,Oryol Oblast,6.4,44.2,4.1,1.2,0.5
1410,2016,Penza Oblast,5.9,51.1,4.4,0.6,0.3
1411,2016,Perm Krai,5.5,51.5,7.1,0.9,0.7
1412,2016,Primorsky Krai,6.8,72.4,8.6,2.2,0.8
1413,2016,Pskov Oblast,10.4,38.5,6.4,1.5,0.8
1414,2016,Altai Republic,4.5,42.2,6.6,1,0.3
1415,2016,Komi Republic,9.6,63.4,12.5,1.6,1.2
1416,2016,Tuva Republic,1.9,59.5,2.4,0.5,0.2
1417,2016,Rostov Oblast,4.2,55.4,3.8,1.1,0.5
1418,2016,Ryazan Oblast,6.3,41.1,4.9,1.2,0.6
1419,2016,Samara Oblast,6.2,59.9,4.3,1.2,0.6
1420,2016,Saint Petersburg,7.1,33.7,6.3,1.9,1.2
1421,2016,Saratov Oblast,4.6,42.1,2.9,0.8,0.4
1422,2016,Sakhalin Oblast,7.6,58.3,12.8,3.3,1.3
1423,2016,Sverdlovsk Oblast,7.6,55.5,7.3,1.7,1
1424,2016,Sevastopol,5.4,22.9,7,1.8,1.1
1425,2016,Republic of North Ossetia-Alania,0.5,17.3,0.4,0.4,0.1
1426,2016,Smolensk Oblast,7.9,48,6.8,1.6,0.8
1427,2016,Stavropol Krai,3.8,57.4,2.3,1.1,0.5
1428,2016,Tambov Oblast,4.8,58.2,3,0.8,0.4
1429,2016,Republic of Tatarstan,4.4,59.1,9,0.6,0.5
1430,2016,Tver Oblast,7.8,63.6,7.9,1.6,0.7
1431,2016,Tomsk Oblast,5.1,43.4,4.5,1.4,0.6
1432,2016,Tula Oblast,5.5,43.1,4.7,1,0.5
1433,2016,Tyumen Oblast,5.1,73.4,8.4,1.9,1.1
1434,2016,Udmurt Republic,5.5,58.1,8.6,0.9,0.6
1435,2016,Ulyanovsk Oblast,6.6,46.9,4.6,1.1,0.5
1436,2016,Khabarovsk Krai,7,73.7,11.2,2.6,0.9
1437,2016,Republic of Khakassia,4.3,79.1,4.7,1.4,0.5
1438,2016,Khanty–Mansi Autonomous Okrug – Yugra,4.3,67.5,9.2,2,1.3
1439,2016,Chelyabinsk Oblast,5.3,42.6,5.1,1.2,0.6
1440,2016,Chechen Republic,,1.2,,,
1441,2016,Chuvash Republic,5,42.3,7.7,0.7,0.4
1442,2016,Chukotka Autonomous Okrug,3.9,34,11.6,1.8,1.1
1443,2016,Sakha (Yakutia) Republic,4.3,56.1,8.2,1.8,0.5
1444,2016,Yamalo-Nenets Autonomous Okrug,4.5,75.8,8.2,1.7,1.3
1445,2016,Yaroslavl Oblast,10.2,38,8.9,1.4,1
