ID,year,region,npg,birth_rate,death_rate,gdw,urbanization
1,2000,Republic of Adygea,-5.9,9.1,15,78.59,52.86
2,2000,Altai Krai,-5,9.3,14.3,67.35,52.77
3,2000,Amur Oblast,-4.4,10.2,14.6,61.13,66.46
4,2000,Arkhangelsk Oblast,-7.5,8.8,16.3,63.71,74.74
5,2000,Astrakhan Oblast,-4.4,9.9,14.3,69.14,67.88
6,2000,Republic of Bashkortostan,-2.9,10.1,13,75.44,64.08
7,2000,Belgorod Oblast,-7.5,8,15.5,75.92,65.06
8,2000,Bryansk Oblast,-10.4,7.8,18.2,78.74,68.39
9,2000,Republic of Buryatia,-1.5,11.6,13.1,67.04,59.73
10,2000,Vladimir Oblast,-11.5,7.6,19.1,72.29,79.85
11,2000,Volgograd Oblast,-7,8.2,15.2,71.51,74.81
12,2000,Vologda Oblast,-7.2,8.8,16,70.98,68.72
13,2000,Voronezh Oblast,-10.3,7.6,17.9,78.69,61.44
14,2000,Republic of Dagestan,9,15.5,6.5,82.57,42.57
15,2000,Jewish Autonomous Oblast,-4.8,9.7,14.5,62.58,66.92
16,2000,Zabaykalsky Krai,-2.7,11.8,14.5,66.32,63.6
17,2000,Ivanovo Oblast,-13.6,7.2,20.8,74.18,82.46
18,2000,Republic of Ingushetia,16.1,21.5,5.4,85.12,42.87
19,2000,Irkutsk Oblast,-4.8,10.7,15.5,66.07,79.64
20,2000,Kabardino-Balkar Republic,0.4,10.4,10,72.65,56.64
21,2000,Kaliningrad Oblast,-7.3,7.9,15.2,62.7,77.63
22,2000,Republic of Kalmykia,0.1,11.3,11.2,71.92,41.37
23,2000,Kaluga Oblast,-10.7,7.4,18.1,71.63,74.41
24,2000,Kamchatka Krai,-1.7,9.3,11,45.85,80.85
25,2000,Karachay-Cherkess Republic,-0.7,10.6,11.3,77.18,43.78
26,2000,Republic of Karelia,-7.8,8.7,16.5,64.19,74.26
27,2000,Kemerovo Oblast,-7.7,9,16.7,66.32,86.48
28,2000,Kirov Oblast,-8.7,8.1,16.8,71.62,70.89
29,2000,Kostroma Oblast,-10.8,8.1,18.9,75.21,66.56
30,2000,Krasnodar Krai,-6.3,8.9,15.2,75.15,53.71
31,2000,Krasnoyarsk Krai,-5.5,9.3,14.8,62.42,75.11
32,2000,Republic of Crimea,,,,,
33,2000,Kurgan Oblast,-6.7,9.6,16.3,74.09,56.21
34,2000,Kursk Oblast,-10.4,8.2,18.6,78.77,60.51
35,2000,Leningrad Oblast,-12.1,6.7,18.8,72.49,66.31
36,2000,Lipetsk Oblast,-8.7,7.8,16.5,74.38,63.98
37,2000,Magadan Oblast,-2.1,9.7,11.8,44.24,90.79
38,2000,Mari El Republic,-5.8,9.1,14.9,69.55,63.09
39,2000,Republic of Mordovia,-8.4,7.8,16.2,71.69,59.35
40,2000,Moscow,-5.8,7.3,13.1,57.83,100
41,2000,Moscow Oblast,-9.8,7.2,17,67.34,79.5
42,2000,Murmansk Oblast,-3,8.6,11.6,48.52,92.22
43,2000,Nenets Autonomous Okrug,0.3,13.2,12.9,59.86,62.15
44,2000,Nizhny Novgorod Oblast,-10.4,7.7,18.1,73.48,77.86
45,2000,Novgorod Oblast,-12.6,7.5,20.1,75.45,69.52
46,2000,Novosibirsk Oblast,-5.7,8.5,14.2,65.92,74.63
47,2000,Omsk Oblast,-4.9,8.6,13.5,67.68,68.19
48,2000,Orenburg Oblast,-4.7,9.7,14.4,71.14,57.54
49,2000,Oryol Oblast,-9.8,7.9,17.7,75.14,63
50,2000,Penza Oblast,-9.5,7.5,17,72.35,64.6
51,2000,Perm Krai,-6.5,9.7,16.2,68.11,75.6
52,2000,Primorsky Krai,-5.3,8.6,13.9,58.18,77.71
53,2000,Pskov Oblast,-14.9,7.4,22.3,77.06,65.38
54,2000,Altai Republic,1.3,14.3,13,73.08,25.76
55,2000,Komi Republic,-3.5,9.4,12.9,56.05,75.46
56,2000,Tuva Republic,2.3,15.9,13.6,75.16,49.8
57,2000,Rostov Oblast,-7.2,8,15.2,72.55,67.61
58,2000,Ryazan Oblast,-12.3,7,19.3,77.49,68.24
59,2000,Samara Oblast,-8.5,7.9,16.4,65.83,80.53
60,2000,Saint Petersburg,-9.4,6.8,16.2,64.09,100
61,2000,Saratov Oblast,-8.3,8.1,16.4,70.45,73.23
62,2000,Sakhalin Oblast,-4.2,9.2,13.4,52.96,86.49
63,2000,Sverdlovsk Oblast,-8.2,8.4,16.6,66.89,87.74
64,2000,Sevastopol,,,,,
65,2000,Republic of North Ossetia-Alania,-2,10.3,12.3,77.5,66.79
66,2000,Smolensk Oblast,-13,7,20,72.49,70.24
67,2000,Stavropol Krai,-4.6,9,13.6,75.17,55.9
68,2000,Tambov Oblast,-11,8,19,78.47,57.13
69,2000,Republic of Tatarstan,-3.7,9.4,13.1,72.26,73.59
70,2000,Tver Oblast,-14.1,7.5,21.6,78.49,72.6
71,2000,Tomsk Oblast,-3.7,9.5,13.2,60.3,67.06
72,2000,Tula Oblast,-14.2,6.8,21,76.94,81.32
73,2000,Tyumen Oblast,1.3,10.6,9.3,64.93,76.86
74,2000,Udmurt Republic,-3.5,10.2,13.7,66.18,69.56
75,2000,Ulyanovsk Oblast,-7.5,8.1,15.6,69.99,72.88
76,2000,Khabarovsk Krai,-5.6,8.5,14.1,57.05,80.59
77,2000,Republic of Khakassia,-4.5,10.1,14.6,66.27,70.95
78,2000,Khanty–Mansi Autonomous Okrug – Yugra,4.5,11.4,6.9,45.26,91.09
79,2000,Chelyabinsk Oblast,-6.6,8.9,15.5,68.96,81.5
80,2000,Chechen Republic,,,,82.39,35.7
81,2000,Chuvash Republic,-4.7,9.3,14,72.37,60.2
82,2000,Chukotka Autonomous Okrug,1.9,11.5,9.6,43.81,66.96
83,2000,Sakha (Yakutia) Republic,4,13.7,9.7,61.21,64
84,2000,Yamalo-Nenets Autonomous Okrug,6.1,11.7,5.6,43.71,83.3
85,2000,Yaroslavl Oblast,-10.7,7.3,18,71.45,80.44
86,2001,Republic of Adygea,-5.3,9.4,14.7,76.03,52.79
87,2001,Altai Krai,-5.1,9.6,14.7,64.85,52.8
88,2001,Amur Oblast,-4.3,10.9,15.2,59.19,66.63
89,2001,Arkhangelsk Oblast,-6.6,9.6,16.2,61.71,74.92
90,2001,Astrakhan Oblast,-4.1,10.5,14.6,66.76,67.93
91,2001,Republic of Bashkortostan,-3,10.4,13.4,72.7,64.07
92,2001,Belgorod Oblast,-7.9,8.2,16.1,73.02,65.17
93,2001,Bryansk Oblast,-10,7.9,17.9,75.74,68.6
94,2001,Republic of Buryatia,-2.2,11.8,14,64.85,59.83
95,2001,Vladimir Oblast,-11.6,8.1,19.7,70.07,79.8
96,2001,Volgograd Oblast,-7.1,8.5,15.6,69.25,74.93
97,2001,Vologda Oblast,-8,9.4,17.4,68.55,68.76
98,2001,Voronezh Oblast,-10.6,7.7,18.3,76,61.58
99,2001,Republic of Dagestan,9.2,15.3,6.1,78.61,42.42
100,2001,Jewish Autonomous Oblast,-3.9,10.8,14.7,60.6,67.04
101,2001,Zabaykalsky Krai,-2.8,12.5,15.3,64.35,63.65
102,2001,Ivanovo Oblast,-12.9,7.8,20.7,71.75,82.53
103,2001,Republic of Ingushetia,15.2,19.4,4.2,73.86,42.64
104,2001,Irkutsk Oblast,-4.6,11.2,15.8,64.17,79.32
105,2001,Kabardino-Balkar Republic,0.1,10,9.9,69.5,56.57
106,2001,Kaliningrad Oblast,-8.1,8,16.1,60.62,77.57
107,2001,Republic of Kalmykia,0.6,11.7,11.1,68.83,42.95
108,2001,Kaluga Oblast,-10.3,8,18.3,69.55,74.41
109,2001,Kamchatka Krai,-2.3,9.5,11.8,45.27,80.96
110,2001,Karachay-Cherkess Republic,-0.3,10.9,11.2,74.3,43.86
111,2001,Republic of Karelia,-8,9.4,17.4,61.83,74.47
112,2001,Kemerovo Oblast,-7.4,9.5,16.9,64.23,86.52
113,2001,Kirov Oblast,-8.7,8.3,17,68.76,71.24
114,2001,Kostroma Oblast,-11.2,8.7,19.9,72.62,66.82
115,2001,Krasnodar Krai,-5.7,9.4,15.1,72.58,53.52
116,2001,Krasnoyarsk Krai,-4.6,10,14.6,60.59,75.35
117,2001,Republic of Crimea,,,,,
118,2001,Kurgan Oblast,-6.8,9.6,16.4,71.98,56.29
119,2001,Kursk Oblast,-10.3,8.4,18.7,75.96,60.78
120,2001,Leningrad Oblast,-12.7,7.2,19.9,69.7,66.33
121,2001,Lipetsk Oblast,-9.1,8,17.1,72.08,64.09
122,2001,Magadan Oblast,-2.1,10.1,12.2,43.67,91.44
123,2001,Mari El Republic,-6.2,9.3,15.5,66.72,62.89
124,2001,Republic of Mordovia,-7.9,7.8,15.7,69.29,59.58
125,2001,Moscow,-5.7,7.5,13.2,55.85,100
126,2001,Moscow Oblast,-10.1,7.7,17.8,65.56,79.49
127,2001,Murmansk Oblast,-3.1,9.1,12.2,47.28,92.27
128,2001,Nenets Autonomous Okrug,0.9,14.6,13.7,58.88,62.33
129,2001,Nizhny Novgorod Oblast,-10.8,7.9,18.7,70.95,77.95
130,2001,Novgorod Oblast,-13.1,8.2,21.3,73.02,69.61
131,2001,Novosibirsk Oblast,-5.3,9.2,14.5,63.62,74.76
132,2001,Omsk Oblast,-4.9,8.7,13.6,65.05,68.34
133,2001,Orenburg Oblast,-4.7,10,14.7,68.65,57.51
134,2001,Oryol Oblast,-9.9,8.1,18,72.47,63.17
135,2001,Penza Oblast,-9.2,7.5,16.7,70.33,64.77
136,2001,Perm Krai,-6.3,10.2,16.5,65.78,75.4
137,2001,Primorsky Krai,-4.8,9.3,14.1,56.88,77.73
138,2001,Pskov Oblast,-14.8,8,22.8,74.38,65.64
139,2001,Altai Republic,0.8,14.9,14.1,70.66,26.12
140,2001,Komi Republic,-3.5,10,13.5,54.04,75.26
141,2001,Tuva Republic,2.7,16.3,13.6,73.45,50.44
142,2001,Rostov Oblast,-7.4,8.2,15.6,69.85,67.58
143,2001,Ryazan Oblast,-12.5,7.4,19.9,75.1,68.48
144,2001,Samara Oblast,-8.2,8.2,16.4,63.76,80.54
145,2001,Saint Petersburg,-9,7.2,16.2,62.15,100
146,2001,Saratov Oblast,-8.1,8.2,16.3,68.5,73.31
147,2001,Sakhalin Oblast,-5.2,9.5,14.7,51.62,86.68
148,2001,Sverdlovsk Oblast,-7.1,9,16.1,64.34,87.8
149,2001,Sevastopol,,,,,
150,2001,Republic of North Ossetia-Alania,-1.3,10.3,11.6,75.06,66.17
151,2001,Smolensk Oblast,-13,7.6,20.6,69.7,70.42
152,2001,Stavropol Krai,-4.6,9.1,13.7,71.5,55.87
153,2001,Tambov Oblast,-11,7.8,18.8,76.36,57.15
154,2001,Republic of Tatarstan,-3.7,9.5,13.2,69.88,73.61
155,2001,Tver Oblast,-14.9,8,22.9,75.9,72.75
156,2001,Tomsk Oblast,-3.7,9.7,13.4,57.18,67.32
157,2001,Tula Oblast,-14.3,7.2,21.5,74.52,81.37
158,2001,Tyumen Oblast,1.8,11.4,9.6,62.02,77.07
159,2001,Udmurt Republic,-3.9,10.5,14.4,63.98,69.55
160,2001,Ulyanovsk Oblast,-7.7,8.1,15.8,67.69,73.01
161,2001,Khabarovsk Krai,-5.5,9.4,14.9,55.4,80.59
162,2001,Republic of Khakassia,-5.4,10.1,15.5,64.1,71.02
163,2001,Khanty–Mansi Autonomous Okrug – Yugra,5.2,12.3,7.1,43.89,91.16
164,2001,Chelyabinsk Oblast,-6.3,9.3,15.6,66.54,81.58
165,2001,Chechen Republic,,,,81.01,33.52
166,2001,Chuvash Republic,-5.2,9.1,14.3,69.7,60.34
167,2001,Chukotka Autonomous Okrug,0.3,12.7,12.4,43.89,66.38
168,2001,Sakha (Yakutia) Republic,3.7,13.9,10.2,59.64,64.19
169,2001,Yamalo-Nenets Autonomous Okrug,6.7,12.8,6.1,43.06,83.3
170,2001,Yaroslavl Oblast,-11.5,8.1,19.6,69.3,80.62
171,2002,Republic of Adygea,-4.8,10.2,15,73.97,52.69
172,2002,Altai Krai,-5.4,10.3,15.7,62.97,53.06
173,2002,Amur Oblast,-4.5,11.6,16.1,58.12,65.92
174,2002,Arkhangelsk Oblast,-7.1,10.4,17.5,60.8,75.19
175,2002,Astrakhan Oblast,-3.7,11.6,15.3,64.89,67.57
176,2002,Republic of Bashkortostan,-3,11.1,14.1,70.38,64.06
177,2002,Belgorod Oblast,-7.6,8.6,16.2,70.89,65.23
178,2002,Bryansk Oblast,-10.6,8.6,19.2,73.54,68.82
179,2002,Republic of Buryatia,-1.6,13,14.6,63.08,59.66
180,2002,Vladimir Oblast,-12.2,8.6,20.8,68.86,79.7
181,2002,Volgograd Oblast,-6.8,9.1,15.9,67.71,75.08
182,2002,Vologda Oblast,-8.3,10.1,18.4,66.83,68.91
183,2002,Voronezh Oblast,-10.9,8,18.9,74.18,61.79
184,2002,Republic of Dagestan,9.9,16.1,6.2,74.15,42.63
185,2002,Jewish Autonomous Oblast,-4.6,11.3,15.9,59.37,67.19
186,2002,Zabaykalsky Krai,-3.1,13.1,16.2,63.01,63.82
187,2002,Ivanovo Oblast,-13.7,8.3,22,70.33,82.62
188,2002,Republic of Ingushetia,12.3,16.4,4.1,76.07,42.57
189,2002,Irkutsk Oblast,-4.7,11.8,16.5,62.82,79.34
190,2002,Kabardino-Balkar Republic,0.2,10.2,10,66.76,56.59
191,2002,Kaliningrad Oblast,-8.4,8.9,17.3,59.21,77.62
192,2002,Republic of Kalmykia,0.4,12.7,12.3,67.17,43.68
193,2002,Kaluga Oblast,-10.4,8.4,18.8,68.42,74.63
194,2002,Kamchatka Krai,-0.7,10.8,11.5,45.24,81
195,2002,Karachay-Cherkess Republic,-0.7,11.2,11.9,71.81,43.93
196,2002,Republic of Karelia,-8.6,10.1,18.7,60.49,74.81
197,2002,Kemerovo Oblast,-7.6,10.1,17.7,62.62,86.68
198,2002,Kirov Oblast,-10,9,19,66.83,71.56
199,2002,Kostroma Oblast,-11.7,9.4,21.1,70.86,67.12
200,2002,Krasnodar Krai,-5.8,9.9,15.7,70.66,53.52
201,2002,Krasnoyarsk Krai,-4.6,10.7,15.3,59.16,75.57
202,2002,Republic of Crimea,,,,,
203,2002,Kurgan Oblast,-7.3,10.4,17.7,70.66,56.36
204,2002,Kursk Oblast,-10.8,8.5,19.3,74.17,61.06
205,2002,Leningrad Oblast,-12.6,7.8,20.4,67.69,66.37
206,2002,Lipetsk Oblast,-8.8,8.7,17.5,70.85,64.14
207,2002,Magadan Oblast,-1.8,10.8,12.6,43.62,91.95
208,2002,Mari El Republic,-6.6,10,16.6,64.49,63.04
209,2002,Republic of Mordovia,-8.7,8,16.7,67.61,59.67
210,2002,Moscow,-5.3,7.9,13.2,54.45,100
211,2002,Moscow Oblast,-9.7,8.2,17.9,64.49,79.36
212,2002,Murmansk Oblast,-3.4,9.8,13.2,47.04,92.26
213,2002,Nenets Autonomous Okrug,1.6,14.7,13.1,59.12,62.75
214,2002,Nizhny Novgorod Oblast,-11.2,8.1,19.3,69.27,78.07
215,2002,Novgorod Oblast,-13.3,9,22.3,72.05,69.73
216,2002,Novosibirsk Oblast,-5.4,10,15.4,61.75,74.97
217,2002,Omsk Oblast,-4.8,9.8,14.6,62.94,68.58
218,2002,Orenburg Oblast,-4.3,10.8,15.1,66.82,57.78
219,2002,Oryol Oblast,-10,8.6,18.6,70.67,63.38
220,2002,Penza Oblast,-9.6,8,17.6,69.23,64.94
221,2002,Perm Krai,-7,11,18,64.1,75.28
222,2002,Primorsky Krai,-4.9,10,14.9,56.39,78.29
223,2002,Pskov Oblast,-15.3,8.5,23.8,73,65.89
224,2002,Altai Republic,0.9,16,15.1,68.36,26.52
225,2002,Komi Republic,-4,10.9,14.9,52.65,75.27
226,2002,Tuva Republic,3.8,18.8,15,71.62,51.04
227,2002,Rostov Oblast,-7.3,8.8,16.1,67.86,67.6
228,2002,Ryazan Oblast,-12.7,7.8,20.5,73.92,68.73
229,2002,Samara Oblast,-7.1,9.2,16.3,62.58,80.58
230,2002,Saint Petersburg,-8.4,8,16.4,60.62,100
231,2002,Saratov Oblast,-7.9,8.7,16.6,67.22,73.48
232,2002,Sakhalin Oblast,-4.8,10.2,15,51.01,86.73
233,2002,Sverdlovsk Oblast,-7.2,9.9,17.1,62.67,87.88
234,2002,Sevastopol,,,,,
235,2002,Republic of North Ossetia-Alania,-1.2,11.1,12.3,73.25,65.7
236,2002,Smolensk Oblast,-13.4,8.2,21.6,67.69,70.66
237,2002,Stavropol Krai,-5,9.6,14.6,68.73,55.93
238,2002,Tambov Oblast,-11.7,8.1,19.8,75.02,57.19
239,2002,Republic of Tatarstan,-3.6,10.1,13.7,68.12,73.79
240,2002,Tver Oblast,-15.2,8.7,23.9,74.49,73.02
241,2002,Tomsk Oblast,-3.9,10.5,14.4,54.84,67.59
242,2002,Tula Oblast,-14.4,7.4,21.8,73.05,81.46
243,2002,Tyumen Oblast,2.5,12.4,9.9,59.54,77.24
244,2002,Udmurt Republic,-4.3,11.3,15.6,62.32,69.67
245,2002,Ulyanovsk Oblast,-8,8.8,16.8,66.18,73.1
246,2002,Khabarovsk Krai,-5.6,10,15.6,54.4,80.59
247,2002,Republic of Khakassia,-5.8,11.2,17,62.33,70.88
248,2002,Khanty–Mansi Autonomous Okrug – Yugra,6.5,13.4,6.9,42.92,90.93
249,2002,Chelyabinsk Oblast,-6.3,10.1,16.4,64.83,81.73
250,2002,Chechen Republic,,,,76.99,33.77
251,2002,Chuvash Republic,-5.3,9.8,15.1,67.56,60.52
252,2002,Chukotka Autonomous Okrug,0.7,12,11.3,44.18,66.44
253,2002,Sakha (Yakutia) Republic,4.4,14.6,10.2,58.61,64.31
254,2002,Yamalo-Nenets Autonomous Okrug,7.3,13.1,5.8,42.78,83.32
255,2002,Yaroslavl Oblast,-11.9,8.6,20.5,68.05,80.8
256,2003,Republic of Adygea,-5.1,10.4,15.5,71.36,52.59
257,2003,Altai Krai,-5.1,10.8,15.9,60.95,53.23
258,2003,Amur Oblast,-4.2,12.4,16.6,56.62,65.93
259,2003,Arkhangelsk Oblast,-7.1,10.8,18,58.9,74.9
260,2003,Astrakhan Oblast,-3.5,12.1,15.5,62.39,67.72
261,2003,Republic of Bashkortostan,-3.1,11.1,14.2,67.49,64.06
262,2003,Belgorod Oblast,-6.9,9.2,16.1,67.92,65.25
263,2003,Bryansk Oblast,-10,9.1,19.1,70.72,68.53
264,2003,Republic of Buryatia,-1.9,13.5,15.4,60.81,59.65
265,2003,Vladimir Oblast,-11.5,9.3,20.7,66.84,79.68
266,2003,Volgograd Oblast,-6.8,9.3,16.1,65.72,75.22
267,2003,Vologda Oblast,-9.4,10.4,19.8,64.17,69.11
268,2003,Voronezh Oblast,-10.7,8.3,18.9,71.34,61.96
269,2003,Republic of Dagestan,9.9,16,6.1,70.9,42.81
270,2003,Jewish Autonomous Oblast,-4.1,12,16.1,57.58,67.25
271,2003,Zabaykalsky Krai,-3.3,13.5,16.8,60.89,63.93
272,2003,Ivanovo Oblast,-13.3,8.8,22.1,68.2,82.7
273,2003,Republic of Ingushetia,11.1,14.9,3.9,78.02,42.45
274,2003,Irkutsk Oblast,-4.6,12.3,16.9,60.93,79.32
275,2003,Kabardino-Balkar Republic,0.1,10.3,10.3,64.24,56.6
276,2003,Kaliningrad Oblast,-8.7,9.3,18,57.5,77.62
277,2003,Republic of Kalmykia,1.5,13.3,11.8,64.32,44.31
278,2003,Kaluga Oblast,-10.2,8.8,19,66.74,74.89
279,2003,Kamchatka Krai,-1.4,10.8,12.3,44.9,81.11
280,2003,Karachay-Cherkess Republic,-0.8,11.6,12.3,69.11,44.06
281,2003,Republic of Karelia,-9.7,10.2,19.9,58.43,75.14
282,2003,Kemerovo Oblast,-7.8,10.5,18.4,60.62,86.69
283,2003,Kirov Oblast,-10.4,9.1,19.6,64.16,71.83
284,2003,Kostroma Oblast,-12.2,9.5,21.7,68.13,67.45
285,2003,Krasnodar Krai,-5.4,10.4,15.7,68.35,53.49
286,2003,Krasnoyarsk Krai,-4.7,11.1,15.8,57.31,75.81
287,2003,Republic of Crimea,,,,,
288,2003,Kurgan Oblast,-7.7,10.3,18.1,68.08,56.37
289,2003,Kursk Oblast,-10.9,8.8,19.7,71.5,61.35
290,2003,Leningrad Oblast,-13.1,8,21,65.41,66.43
291,2003,Lipetsk Oblast,-9.6,8.8,18.4,68.43,64.35
292,2003,Magadan Oblast,-1.4,11.2,12.6,43,92.6
293,2003,Mari El Republic,-6,10.4,16.4,61.53,63.2
294,2003,Republic of Mordovia,-8.8,8.4,17.2,65.27,59.87
295,2003,Moscow,-4.7,8.4,13,53.29,100
296,2003,Moscow Oblast,-9.1,8.8,17.9,62.71,79.26
297,2003,Murmansk Oblast,-4,9.9,14,45.84,92.21
298,2003,Nenets Autonomous Okrug,1.8,15.9,14.1,58.08,63.39
299,2003,Nizhny Novgorod Oblast,-11,9,20,66.8,78.21
300,2003,Novgorod Oblast,-14.3,9.2,23.5,69.92,69.92
301,2003,Novosibirsk Oblast,-4.9,10.6,15.5,59.74,75.11
302,2003,Omsk Oblast,-4.1,10.8,14.9,60.56,68.71
303,2003,Orenburg Oblast,-4.4,10.8,15.3,64.27,57.81
304,2003,Oryol Oblast,-9.9,8.9,18.8,68.32,63.59
305,2003,Penza Oblast,-9.5,8.4,17.9,67.29,65.12
306,2003,Perm Krai,-7,11.3,18.3,61.84,75.13
307,2003,Primorsky Krai,-5.1,10.5,15.6,55.39,78.34
308,2003,Pskov Oblast,-15.9,9,24.9,70.72,66.19
309,2003,Altai Republic,1.1,16.7,15.6,65.44,26.37
310,2003,Komi Republic,-4.3,11.3,15.7,50.68,75.26
311,2003,Tuva Republic,5.4,20.5,15.2,69.18,51.73
312,2003,Rostov Oblast,-7.1,9.2,16.3,65.56,67.63
313,2003,Ryazan Oblast,-12.9,8.3,21.2,71.97,68.98
314,2003,Samara Oblast,-6.6,9.8,16.4,60.83,80.62
315,2003,Saint Petersburg,-8,8.7,16.7,59.29,100
316,2003,Saratov Oblast,-7.9,9.1,17,65.22,73.63
317,2003,Sakhalin Oblast,-5.5,10.9,16.4,49.96,86.72
318,2003,Sverdlovsk Oblast,-6.9,10.4,17.3,60.74,87.93
319,2003,Sevastopol,,,,,
320,2003,Republic of North Ossetia-Alania,-1.3,11.3,12.6,71.27,65.44
321,2003,Smolensk Oblast,-13.3,8.7,21.9,65.41,70.91
322,2003,Stavropol Krai,-4.7,10.2,14.9,66.09,55.98
323,2003,Tambov Oblast,-11.5,8.5,19.9,72.44,57.25
324,2003,Republic of Tatarstan,-3.6,10.2,13.8,65.67,73.88
325,2003,Tver Oblast,-14.9,9.2,24.1,72.21,73.19
326,2003,Tomsk Oblast,-3.9,10.6,14.5,52.83,67.84
327,2003,Tula Oblast,-14.7,7.9,22.6,71.14,81.6
328,2003,Tyumen Oblast,3,12.9,9.9,57.08,77.41
329,2003,Udmurt Republic,-4.2,11.5,15.7,60.17,69.72
330,2003,Ulyanovsk Oblast,-8.4,8.9,17.2,63.82,73.19
331,2003,Khabarovsk Krai,-5.5,10.8,16.3,53.3,80.55
332,2003,Republic of Khakassia,-6,11.8,17.8,60.05,70.85
333,2003,Khanty–Mansi Autonomous Okrug – Yugra,6.8,13.7,6.9,41.55,90.87
334,2003,Chelyabinsk Oblast,-6.1,10.4,16.6,62.83,81.82
335,2003,Chechen Republic,18.4,24.9,6.5,75.8,33.75
336,2003,Chuvash Republic,-5.2,10.1,15.3,64.93,60.7
337,2003,Chukotka Autonomous Okrug,2.3,13,10.7,42.11,66.38
338,2003,Sakha (Yakutia) Republic,4.8,15,10.2,57.06,64.42
339,2003,Yamalo-Nenets Autonomous Okrug,8,14,6.1,41.48,83.37
340,2003,Yaroslavl Oblast,-11.7,9.1,20.9,66.18,80.99
341,2004,Republic of Adygea,-4.5,10.4,15,69.34,52.3
342,2004,Altai Krai,-5,10.8,15.9,59.37,53.5
343,2004,Amur Oblast,-4.8,12.4,17.4,55.3,66.2
344,2004,Arkhangelsk Oblast,-6.5,11,17.6,56.74,75
345,2004,Astrakhan Oblast,-2.6,12.4,14.9,61.26,67.9
346,2004,Republic of Bashkortostan,-2.9,11.2,14.1,64.34,64.2
347,2004,Belgorod Oblast,-7.1,9.1,16.2,65.42,65.4
348,2004,Bryansk Oblast,-9.8,9.2,19.1,67.77,68.5
349,2004,Republic of Buryatia,-1.5,13.8,15.3,58.39,58.7
350,2004,Vladimir Oblast,-10.8,9.4,20.1,64.81,79.4
351,2004,Volgograd Oblast,-5.8,9.6,15.4,64.02,75.2
352,2004,Vologda Oblast,-8.4,10.7,19.1,61.31,69.3
353,2004,Voronezh Oblast,-10,8.6,18.5,68.67,62
354,2004,Republic of Dagestan,9.9,15.9,6,68.15,43.2
355,2004,Jewish Autonomous Oblast,-5,12,17.2,55.53,67.6
356,2004,Zabaykalsky Krai,-3.3,13.8,17.1,58.74,64
357,2004,Ivanovo Oblast,-12.6,9,21.6,66.19,82.6
358,2004,Republic of Ingushetia,10.5,14.2,4,75.08,42.6
359,2004,Irkutsk Oblast,-4.1,12.4,16.6,59.17,79.4
360,2004,Kabardino-Balkar Republic,0.8,10.5,9.8,62.53,58.6
361,2004,Kaliningrad Oblast,-9,9.1,18.2,56.23,77.7
362,2004,Republic of Kalmykia,2.5,13.5,10.9,60.74,44.3
363,2004,Kaluga Oblast,-9.5,9.2,18.6,64.4,75
364,2004,Kamchatka Krai,-1.1,11.1,12.4,44.63,81.1
365,2004,Karachay-Cherkess Republic,0.3,11.9,11.3,66.03,44.2
366,2004,Republic of Karelia,-8.1,10.4,18.8,56.51,75.5
367,2004,Kemerovo Oblast,-7.2,10.7,18,58.72,86.8
368,2004,Kirov Oblast,-9.2,9.6,19,61.41,72.2
369,2004,Kostroma Oblast,-11.2,10,21.3,65.08,67.9
370,2004,Krasnodar Krai,-4.5,10.8,15.3,66.53,53.5
371,2004,Krasnoyarsk Krai,-3.9,11.2,15.2,55.75,76
372,2004,Republic of Crimea,,,,,
373,2004,Kurgan Oblast,-7,10.7,17.8,65.26,57
374,2004,Kursk Oblast,-10.4,9,19.5,68.76,61.7
375,2004,Leningrad Oblast,-12,8.3,20,62.75,66.4
376,2004,Lipetsk Oblast,-9.1,9.2,18.2,65.91,64.4
377,2004,Magadan Oblast,-1.9,11.5,13.5,41.98,93.1
378,2004,Mari El Republic,-6.1,10.7,16.8,58.64,63.2
379,2004,Republic of Mordovia,-8.1,8.8,16.9,62.51,59.3
380,2004,Moscow,-3.8,8.8,12.3,52.86,100
381,2004,Moscow Oblast,-8.4,9.1,17.3,60.66,79.4
382,2004,Murmansk Oblast,-3.2,10.2,13.5,44.91,92.3
383,2004,Nenets Autonomous Okrug,1.8,14.2,12.4,55.22,63.9
384,2004,Nizhny Novgorod Oblast,-10.7,9.1,19.8,64.61,78.3
385,2004,Novgorod Oblast,-12.9,9.5,22.4,66.94,70.2
386,2004,Novosibirsk Oblast,-4.5,10.9,15.4,58.28,75.3
387,2004,Omsk Oblast,-4.2,10.7,15,58.55,69.1
388,2004,Orenburg Oblast,-4.1,10.9,15.1,62.01,58
389,2004,Oryol Oblast,-9.5,9.1,18.8,66.49,63.9
390,2004,Penza Oblast,-9.4,8.6,17.9,65.15,65.3
391,2004,Perm Krai,-6.3,11.4,17.7,59.86,75.2
392,2004,Primorsky Krai,-5.1,10.6,15.8,54.44,78.4
393,2004,Pskov Oblast,-15.1,9.1,24.2,67.92,66.9
394,2004,Altai Republic,2.5,17.3,14.9,62.44,26.3
395,2004,Komi Republic,-3.7,11.5,15.3,48.91,75.3
396,2004,Tuva Republic,6.7,20,13.4,66.69,52
397,2004,Rostov Oblast,-6.4,9.5,15.8,63.82,67.6
398,2004,Ryazan Oblast,-11.7,8.5,20.1,69.43,69.4
399,2004,Samara Oblast,-6.1,10.1,16.1,59.46,80.6
400,2004,Saint Petersburg,-7.3,8.9,16,58.32,100
401,2004,Saratov Oblast,-7.4,9.4,16.9,63.54,73.6
402,2004,Sakhalin Oblast,-4.8,11.4,16.2,48.67,86.9
403,2004,Sverdlovsk Oblast,-5.9,10.7,16.7,58.92,88
404,2004,Sevastopol,,,,,
405,2004,Republic of North Ossetia-Alania,-1.1,11.2,12.3,68.91,65.3
406,2004,Smolensk Oblast,-12.5,8.8,21.1,62.75,71.3
407,2004,Stavropol Krai,-4,10.3,14.2,64.72,56.1
408,2004,Tambov Oblast,-10.4,8.7,19,69.58,57.5
409,2004,Republic of Tatarstan,-3.3,10.3,13.6,63.16,74
410,2004,Tver Oblast,-13.7,9.5,23.1,69.5,73.2
411,2004,Tomsk Oblast,-2.8,11.2,14.1,52.15,68.1
412,2004,Tula Oblast,-13.8,7.9,21.6,68.7,81.7
413,2004,Tyumen Oblast,3.6,13.3,9.8,55.13,60.6
414,2004,Udmurt Republic,-3.7,11.7,15.4,57.81,69.9
415,2004,Ulyanovsk Oblast,-7.8,9,16.8,61.79,72.8
416,2004,Khabarovsk Krai,-4.7,11.3,16.2,52.43,80.7
417,2004,Republic of Khakassia,-4.3,11.9,16.2,57.99,70.8
418,2004,Khanty–Mansi Autonomous Okrug – Yugra,7.2,13.9,6.7,40.05,90.8
419,2004,Chelyabinsk Oblast,-5.5,10.7,16.3,61.04,81.9
420,2004,Chechen Republic,19.6,25.2,5.6,74.46,33.9
421,2004,Chuvash Republic,-4.4,10.5,14.9,62.27,60.9
422,2004,Chukotka Autonomous Okrug,3.2,15.4,12,40.62,65.4
423,2004,Sakha (Yakutia) Republic,5.3,15.5,10.2,55.37,64.5
424,2004,Yamalo-Nenets Autonomous Okrug,8.3,14,5.8,39.66,83.3
425,2004,Yaroslavl Oblast,-10.6,9.4,20.1,64.33,81.1
426,2005,Republic of Adygea,-4.9,10.3,15.2,68.28,51.9
427,2005,Altai Krai,-6.4,10.3,16.9,58.45,53.7
428,2005,Amur Oblast,-4.8,12.1,17.2,54.71,66.5
429,2005,Arkhangelsk Oblast,-6.3,10.7,17.1,55.76,75.5
430,2005,Astrakhan Oblast,-3.3,12.2,15.4,60.83,67.5
431,2005,Republic of Bashkortostan,-3.4,10.8,14.2,62.11,59.8
432,2005,Belgorod Oblast,-7.1,8.9,16,63.8,65.4
433,2005,Bryansk Oblast,-10.8,9,19.8,65.91,68.2
434,2005,Republic of Buryatia,-1.7,14,15.6,56.54,57.4
435,2005,Vladimir Oblast,-11.1,9.2,20.2,63.94,78.3
436,2005,Volgograd Oblast,-6.3,9.4,15.7,62.96,75.3
437,2005,Vologda Oblast,-8.3,10.5,18.8,59.93,68.3
438,2005,Voronezh Oblast,-10.4,8.4,18.5,66.97,62
439,2005,Republic of Dagestan,9.6,15.5,5.8,66.12,43.4
440,2005,Jewish Autonomous Oblast,-6.3,11.6,18.3,54.65,67.2
441,2005,Zabaykalsky Krai,-3.7,13.5,17.3,57.35,64
442,2005,Ivanovo Oblast,-13.3,8.7,22,65.41,80.4
443,2005,Republic of Ingushetia,10.2,14,4.3,72.5,42.4
444,2005,Irkutsk Oblast,-5.1,11.9,17.2,58.18,79.3
445,2005,Kabardino-Balkar Republic,-0.1,10,10.4,61.17,58.3
446,2005,Kaliningrad Oblast,-9.2,8.9,18.2,55.71,77.8
447,2005,Republic of Kalmykia,1.5,13.1,11.4,58.13,44
448,2005,Kaluga Oblast,-10.3,8.9,19.1,62.99,75
449,2005,Kamchatka Krai,-1.6,11,12.9,44.88,78.9
450,2005,Karachay-Cherkess Republic,0.1,12,11.3,63.26,44.3
451,2005,Republic of Karelia,-8.2,9.9,18.5,55.94,75.9
452,2005,Kemerovo Oblast,-7.9,10.8,18.9,57.77,85.1
453,2005,Kirov Oblast,-9.7,9.3,19.3,59.86,72.9
454,2005,Kostroma Oblast,-11.3,9.7,21.3,63.38,68.1
455,2005,Krasnodar Krai,-5.3,10.3,15.6,65.57,52.8
456,2005,Krasnoyarsk Krai,-4.9,10.8,15.8,54.84,76
457,2005,Republic of Crimea,,,,,
458,2005,Kurgan Oblast,-7.2,10.4,17.9,63.66,57.6
459,2005,Kursk Oblast,-11.1,8.6,19.8,66.98,62
460,2005,Leningrad Oblast,-12.5,7.8,19.9,61.26,66.2
461,2005,Lipetsk Oblast,-8.6,9.3,17.7,64.39,64.5
462,2005,Magadan Oblast,-2.6,11,13.7,41.75,93.6
463,2005,Mari El Republic,-6.7,10.5,17.1,56.62,62.8
464,2005,Republic of Mordovia,-8.6,8.6,17.1,60.51,58.6
465,2005,Moscow,-3.4,8.9,11.9,53.04,100
466,2005,Moscow Oblast,-8.5,9,17.1,59.55,80.2
467,2005,Murmansk Oblast,-3.6,9.8,13.8,45.23,92
468,2005,Nenets Autonomous Okrug,2.3,14.5,12.2,53.11,64.7
469,2005,Nizhny Novgorod Oblast,-11.1,8.9,20,63.46,78.1
470,2005,Novgorod Oblast,-13.2,9.3,22.5,65.44,70.4
471,2005,Novosibirsk Oblast,-5.5,10.6,16.1,57.38,75.5
472,2005,Omsk Oblast,-5.1,10.4,15.6,57.3,69.8
473,2005,Orenburg Oblast,-5,10.5,15.7,60.51,58.3
474,2005,Oryol Oblast,-10,8.6,18.8,65.67,64.4
475,2005,Penza Oblast,-9.8,8.4,18.1,63.63,65.6
476,2005,Perm Krai,-7,10.9,18.1,58.79,75.3
477,2005,Primorsky Krai,-5.8,10.4,16.3,54.15,75.6
478,2005,Pskov Oblast,-15.7,8.8,24.6,66.46,67.8
479,2005,Altai Republic,1.7,17.2,15.7,60,26
480,2005,Komi Republic,-4.1,11.1,15.5,48.26,75.6
481,2005,Tuva Republic,5.4,19.4,14.3,64.89,52.7
482,2005,Rostov Oblast,-6.7,9.2,15.8,62.97,66.7
483,2005,Ryazan Oblast,-11.9,8.4,20.2,68.01,69.7
484,2005,Samara Oblast,-6.5,9.7,16.1,58.81,80.1
485,2005,Saint Petersburg,-7.4,8.6,15.6,57.85,100
486,2005,Saratov Oblast,-7.8,9,16.9,62.71,73.7
487,2005,Sakhalin Oblast,-6,11.4,17.5,48.24,78
488,2005,Sverdlovsk Oblast,-6.2,10.4,16.8,58.16,83.1
489,2005,Sevastopol,,,,,
490,2005,Republic of North Ossetia-Alania,-1.1,11.2,12.2,67.56,65.2
491,2005,Smolensk Oblast,-13,8.6,21.2,61.26,70.9
492,2005,Stavropol Krai,-4.4,10,14.2,63.87,56.2
493,2005,Tambov Oblast,-10.9,8.5,19.3,67.55,57.7
494,2005,Republic of Tatarstan,-4,9.8,13.8,61.43,74.5
495,2005,Tver Oblast,-13.8,9.3,23,67.92,73.4
496,2005,Tomsk Oblast,-3.8,10.7,14.6,52.4,68.3
497,2005,Tula Oblast,-14.2,7.8,21.8,67.37,81.8
498,2005,Tyumen Oblast,3.2,13,9.9,54.2,62.4
499,2005,Udmurt Republic,-4.4,11.1,15.5,56.45,69.8
500,2005,Ulyanovsk Oblast,-8.3,8.6,16.9,60.34,72.9
501,2005,Khabarovsk Krai,-5.4,10.9,16.6,52.32,81
502,2005,Republic of Khakassia,-5.9,11.5,17.6,56.83,70.8
503,2005,Khanty–Mansi Autonomous Okrug – Yugra,6.4,13.5,7.1,39.39,90.8
504,2005,Chelyabinsk Oblast,-5.9,10.4,16.4,60.06,82.1
505,2005,Chechen Republic,19.8,24.9,5.1,73,34.4
506,2005,Chuvash Republic,-5.1,10.1,15.3,60.46,60.9
507,2005,Chukotka Autonomous Okrug,3.9,15.7,11.5,39.63,65.1
508,2005,Sakha (Yakutia) Republic,4.1,14.3,10.2,54.26,63.9
509,2005,Yamalo-Nenets Autonomous Okrug,7.7,13.6,6,38.55,84.7
510,2005,Yaroslavl Oblast,-10.7,9.2,20.1,63.71,81.3
511,2006,Republic of Adygea,-4.7,10.4,15.2,67.51,51.4
512,2006,Altai Krai,-5.1,10.1,15.5,58.08,54
513,2006,Amur Oblast,-3.7,11.8,15.9,54.54,66.4
514,2006,Arkhangelsk Oblast,-4.9,10.9,15.9,55.23,74
515,2006,Astrakhan Oblast,-2.3,12.4,14.6,60.28,67.7
516,2006,Republic of Bashkortostan,-2.5,11.1,13.6,60.26,59.8
517,2006,Belgorod Oblast,-5.8,9.5,15.3,62.44,65.6
518,2006,Bryansk Oblast,-9.5,9.1,18.7,64.27,68.3
519,2006,Republic of Buryatia,0.3,14.8,14.4,55.21,56.4
520,2006,Vladimir Oblast,-9.8,9.5,19.1,63.15,77.2
521,2006,Volgograd Oblast,-5.5,9.8,15.2,62.19,75.4
522,2006,Vologda Oblast,-6.2,10.9,17.1,58.73,68.6
523,2006,Voronezh Oblast,-9.7,8.4,17.7,65.42,61.8
524,2006,Republic of Dagestan,9.3,15.3,5.9,64.62,43.8
525,2006,Jewish Autonomous Oblast,-3.9,12.1,16.5,54.49,67.2
526,2006,Zabaykalsky Krai,-1.6,13.9,15.6,56.4,64.2
527,2006,Ivanovo Oblast,-11,9,19.9,64.57,80.5
528,2006,Republic of Ingushetia,11.4,15.1,4.4,69.37,42.5
529,2006,Irkutsk Oblast,-2.8,12.3,15.4,57.38,79.3
530,2006,Kabardino-Balkar Republic,0.6,10.4,10.2,59.79,57.7
531,2006,Kaliningrad Oblast,-7.2,9.3,16.5,55.49,77.3
532,2006,Republic of Kalmykia,2.2,13.3,10.9,55.79,43.9
533,2006,Kaluga Oblast,-8.4,9.2,17.5,61.75,75.2
534,2006,Kamchatka Krai,-0.3,11,11.8,45.48,78.9
535,2006,Karachay-Cherkess Republic,0.3,11.7,10.7,61.24,44.4
536,2006,Republic of Karelia,-6.8,10,17.5,55.66,76.2
537,2006,Kemerovo Oblast,-6,11.3,17.5,57.32,85.1
538,2006,Kirov Oblast,-8,9.7,18,58.75,72.3
539,2006,Kostroma Oblast,-8.9,10,19.2,62.12,68.6
540,2006,Krasnodar Krai,-4.4,10.4,14.7,64.85,52.8
541,2006,Krasnoyarsk Krai,-2.9,11,14.1,54.25,75.7
542,2006,Republic of Crimea,,,,,
543,2006,Kurgan Oblast,-5.8,10.6,16.8,62.68,58.4
544,2006,Kursk Oblast,-10.1,9,19.2,65.35,62.6
545,2006,Leningrad Oblast,-11.4,7.9,18.7,59.96,66
546,2006,Lipetsk Oblast,-7.8,9.6,17.2,63.29,63.1
547,2006,Magadan Oblast,-2.5,10.7,13.3,41.91,94.1
548,2006,Mari El Republic,-5.3,10.6,15.9,55.15,62.7
549,2006,Republic of Mordovia,-7.8,8.6,16.2,58.76,58.7
550,2006,Moscow,-3.2,9,11.6,53.39,100
551,2006,Moscow Oblast,-7.9,9.1,16.6,58.93,80.1
552,2006,Murmansk Oblast,-2.9,9.8,13.2,45.65,92.3
553,2006,Nenets Autonomous Okrug,1.1,14,12.9,51.97,65.3
554,2006,Nizhny Novgorod Oblast,-9.9,9.1,19,62.41,78.3
555,2006,Novgorod Oblast,-11.7,9.8,21.5,64.21,70.8
556,2006,Novosibirsk Oblast,-4.7,10.5,15.2,56.77,75.8
557,2006,Omsk Oblast,-4.3,10.6,15,56.35,70.4
558,2006,Orenburg Oblast,-3.9,10.9,15.2,59.42,58.5
559,2006,Oryol Oblast,-8.9,9,18.2,64.63,64.7
560,2006,Penza Oblast,-8.5,8.6,17,62.61,65.8
561,2006,Perm Krai,-5.5,11,16.7,58.12,75.2
562,2006,Primorsky Krai,-4.5,10.4,15,54.04,75.7
563,2006,Pskov Oblast,-14.4,8.9,23.4,65.22,68.3
564,2006,Altai Republic,2.8,16.6,14.1,58.66,26.2
565,2006,Komi Republic,-2.7,11.1,14.2,48.13,75.8
566,2006,Tuva Republic,7,19.3,12.6,63.35,51.9
567,2006,Rostov Oblast,-6,9.5,15.4,62.32,66.7
568,2006,Ryazan Oblast,-10.7,8.5,19.1,66.87,70
569,2006,Samara Oblast,-5.6,10.1,15.5,58.35,80.1
570,2006,Saint Petersburg,-6.5,8.8,14.8,57.71,100
571,2006,Saratov Oblast,-6.5,9.1,15.7,62.09,73.8
572,2006,Sakhalin Oblast,-3.8,11.2,15.2,48.39,78.4
573,2006,Sverdlovsk Oblast,-4.6,10.7,15.5,57.77,83.2
574,2006,Sevastopol,,,,,
575,2006,Republic of North Ossetia-Alania,0.2,11.8,11.5,66.64,64.3
576,2006,Smolensk Oblast,-12,8.8,20.3,59.96,71.3
577,2006,Stavropol Krai,-4.1,10.1,14,63.28,56.4
578,2006,Tambov Oblast,-10.1,8.2,18.1,66.07,57.9
579,2006,Republic of Tatarstan,-3.2,9.9,13.1,59.96,74.5
580,2006,Tver Oblast,-12.3,9.5,21.7,66.62,73.3
581,2006,Tomsk Oblast,-2.4,11.1,13.6,52.65,68.6
582,2006,Tula Oblast,-12.9,8,20.7,66.28,79.8
583,2006,Tyumen Oblast,3.9,13.2,9.4,53.67,62.7
584,2006,Udmurt Republic,-3,11.3,14.3,55.45,70
585,2006,Ulyanovsk Oblast,-7.7,8.7,16.3,59.12,73
586,2006,Khabarovsk Krai,-3.9,11,15.3,52.39,81.3
587,2006,Republic of Khakassia,-2.8,12,14.9,56.07,70.8
588,2006,Khanty–Mansi Autonomous Okrug – Yugra,6.9,13.7,6.8,39.1,90.8
589,2006,Chelyabinsk Oblast,-4.6,10.8,15.5,59.54,81.7
590,2006,Chechen Republic,18.9,23.9,5.1,71.54,34.8
591,2006,Chuvash Republic,-4.4,10.3,14.8,58.86,61
592,2006,Chukotka Autonomous Okrug,3.7,15.3,11.1,39.9,64.9
593,2006,Sakha (Yakutia) Republic,4.7,14.4,9.7,53.27,63.6
594,2006,Yamalo-Nenets Autonomous Okrug,7.6,13.2,5.8,37.85,84.8
595,2006,Yaroslavl Oblast,-8.9,9.4,18.5,63.41,81.5
596,2007,Republic of Adygea,-2.8,11.8,14.7,67.18,51.1
597,2007,Altai Krai,-3.6,11.3,15.2,58.3,54.2
598,2007,Amur Oblast,-1.7,12.6,14.7,54.69,66.6
599,2007,Arkhangelsk Oblast,-2.8,11.9,14.9,55.67,74.4
600,2007,Astrakhan Oblast,-0.6,13.5,14,59.64,66.9
601,2007,Republic of Bashkortostan,-0.9,12.7,13.6,59.5,59.8
602,2007,Belgorod Oblast,-4.5,10.3,14.8,61.77,65.8
603,2007,Bryansk Oblast,-7.6,10.2,17.9,63.3,68.6
604,2007,Republic of Buryatia,2.8,16.1,13.3,54.77,56
605,2007,Vladimir Oblast,-8.5,10.2,18.5,62.98,77.3
606,2007,Volgograd Oblast,-3.9,10.7,14.6,61.97,75.4
607,2007,Vologda Oblast,-4.3,11.6,16,58.5,69
608,2007,Voronezh Oblast,-8.7,9,17.3,64.71,61.7
609,2007,Republic of Dagestan,11.3,17,5.6,62.7,44.2
610,2007,Jewish Autonomous Oblast,-2.1,13,15.6,54.92,67.2
611,2007,Zabaykalsky Krai,0.5,14.9,14.5,56.07,64.6
612,2007,Ivanovo Oblast,-9,9.8,18.8,64.17,80.6
613,2007,Republic of Ingushetia,13.4,16.7,4,66.38,42.6
614,2007,Irkutsk Oblast,-0.2,13.8,14.3,57.27,79.4
615,2007,Kabardino-Balkar Republic,3.3,12.8,9.8,58.24,57.5
616,2007,Kaliningrad Oblast,-4.5,10.9,15.4,55.87,77.3
617,2007,Republic of Kalmykia,3.5,14.5,10.7,54.32,43.8
618,2007,Kaluga Oblast,-7.3,10,17.1,61.15,75.2
619,2007,Kamchatka Krai,0.1,11.3,11.7,46.65,79
620,2007,Karachay-Cherkess Republic,3.4,14.2,10,59.82,44.2
621,2007,Republic of Karelia,-5.3,10.6,16.6,56.09,76.6
622,2007,Kemerovo Oblast,-4.5,12.1,16.8,57.5,85.2
623,2007,Kirov Oblast,-6.2,10.6,17.2,58.72,72.6
624,2007,Kostroma Oblast,-7.1,10.7,18.1,61.75,69.1
625,2007,Krasnodar Krai,-3.1,11.3,14.3,64.38,52.8
626,2007,Krasnoyarsk Krai,-1.5,11.8,13.5,54.11,75.5
627,2007,Republic of Crimea,,,,,
628,2007,Kurgan Oblast,-4.3,11.6,16.3,63.08,58.9
629,2007,Kursk Oblast,-7.9,10.1,18.2,64.7,63.1
630,2007,Leningrad Oblast,-9.9,8.3,17.6,59.1,65.9
631,2007,Lipetsk Oblast,-6.8,10.2,16.8,62.81,63.2
632,2007,Magadan Oblast,-2.3,10.9,13.3,42.65,94.4
633,2007,Mari El Republic,-3.4,11.8,15.2,54.48,62.7
634,2007,Republic of Mordovia,-6.6,9.2,15.6,57.96,58.9
635,2007,Moscow,-2.2,9.7,11.1,53.53,100
636,2007,Moscow Oblast,-7,9.6,16.1,58.77,80.3
637,2007,Murmansk Oblast,-1.4,10.3,12.2,46.53,92.5
638,2007,Nenets Autonomous Okrug,3,15.6,12.6,51.74,66
639,2007,Nizhny Novgorod Oblast,-8.4,9.9,18.3,62.04,78.4
640,2007,Novgorod Oblast,-9.4,10.7,20.1,63.91,71.2
641,2007,Novosibirsk Oblast,-3.3,11.4,14.7,56.63,76.1
642,2007,Omsk Oblast,-2.9,11.7,14.8,56.11,70.8
643,2007,Orenburg Oblast,-2.5,12.1,15,59.25,58.9
644,2007,Oryol Oblast,-7.9,9.6,17.8,64.13,65
645,2007,Penza Oblast,-6.4,9.7,15.9,62.31,66.1
646,2007,Perm Krai,-3.6,12.1,15.9,58.31,75.4
647,2007,Primorsky Krai,-3.4,11.2,14.7,54.29,75.8
648,2007,Pskov Oblast,-11.2,9.7,21,64.59,68.8
649,2007,Altai Republic,7.2,19.7,12.7,58.55,26.7
650,2007,Komi Republic,-0.8,11.9,13.1,48.59,76
651,2007,Tuva Republic,12.5,24.4,12.2,61.88,51.9
652,2007,Rostov Oblast,-4.8,10.2,14.8,61.9,66.8
653,2007,Ryazan Oblast,-9.6,9.4,18.9,66.21,70.4
654,2007,Samara Oblast,-4.6,10.7,15.1,58.54,80.1
655,2007,Saint Petersburg,-5.3,9.5,14.2,57.71,100
656,2007,Saratov Oblast,-5.1,10.2,15.5,61.88,74
657,2007,Sakhalin Oblast,-2.4,11.8,14.4,49.19,78.8
658,2007,Sverdlovsk Oblast,-3.2,11.5,14.9,58.09,83.4
659,2007,Sevastopol,,,,,
660,2007,Republic of North Ossetia-Alania,2.5,13.6,11,65.95,64.1
661,2007,Smolensk Oblast,-10,9.6,19.1,59.1,71.8
662,2007,Stavropol Krai,-2.1,11.3,13.1,62.5,56.6
663,2007,Tambov Oblast,-8.7,8.9,17.4,65.39,58.1
664,2007,Republic of Tatarstan,-2.1,10.9,13,59.22,74.7
665,2007,Tver Oblast,-10.4,10.2,20.5,66.06,73.6
666,2007,Tomsk Oblast,-0.8,12,12.9,53.19,69
667,2007,Tula Oblast,-12,8.4,20.1,65.73,79.8
668,2007,Tyumen Oblast,5.3,14.3,9.1,53.62,63.1
669,2007,Udmurt Republic,-1.4,12.8,14.1,55.4,70.3
670,2007,Ulyanovsk Oblast,-6.5,9.3,15.7,58.71,73.2
671,2007,Khabarovsk Krai,-2.6,11.6,14.7,52.85,81.6
672,2007,Republic of Khakassia,0.2,13.8,13.8,55.81,70.7
673,2007,Khanty–Mansi Autonomous Okrug – Yugra,7.9,14.6,6.8,39.3,91
674,2007,Chelyabinsk Oblast,-3.1,11.8,15,59.62,81.8
675,2007,Chechen Republic,22.4,27.1,4.8,69.75,35
676,2007,Chuvash Republic,-2.9,11.6,14.7,58.16,57.2
677,2007,Chukotka Autonomous Okrug,4.1,15.9,11.3,40.73,65
678,2007,Sakha (Yakutia) Republic,6.4,16.1,9.6,52.77,63.7
679,2007,Yamalo-Nenets Autonomous Okrug,8.8,14.2,5.6,37.5,84.8
680,2007,Yaroslavl Oblast,-7.6,9.9,17.8,63.55,81.7
681,2008,Republic of Adygea,-2.1,12.7,15,67.4,50.9
682,2008,Altai Krai,-2.7,12.3,15.3,59.15,54.3
683,2008,Amur Oblast,-2.2,12.9,15.6,55.66,66.6
684,2008,Arkhangelsk Oblast,-2.6,12,14.8,56.79,74.8
685,2008,Astrakhan Oblast,0.6,14.2,13.5,59.47,67.7
686,2008,Republic of Bashkortostan,-0.3,13.4,13.7,59.55,60
687,2008,Belgorod Oblast,-3.7,11,14.7,61.7,66
688,2008,Bryansk Oblast,-6.8,10.9,17.8,63.17,68.8
689,2008,Republic of Buryatia,3.5,17,13.4,55.49,56.1
690,2008,Vladimir Oblast,-8,10.8,18.5,63.45,77.4
691,2008,Volgograd Oblast,-3.2,11.3,14.4,62.34,75.7
692,2008,Vologda Oblast,-4.3,12,16.4,58.94,69.4
693,2008,Voronezh Oblast,-7.9,9.8,17.2,64.68,61.7
694,2008,Republic of Dagestan,12.4,18.3,5.6,61.75,44.4
695,2008,Jewish Autonomous Oblast,-1.4,13.9,15.9,55.94,67.3
696,2008,Zabaykalsky Krai,1.6,15.9,14.4,56.5,64.9
697,2008,Ivanovo Oblast,-9,10.3,19.3,64.27,80.8
698,2008,Republic of Ingushetia,15.2,18.3,3.8,65.91,42.6
699,2008,Irkutsk Oblast,0.9,15,14.4,57.9,79.4
700,2008,Kabardino-Balkar Republic,4.4,13.5,9.4,57.71,57.4
701,2008,Kaliningrad Oblast,-4,11.3,15.3,56.56,77.3
702,2008,Republic of Kalmykia,4.8,15.3,10.2,54.14,43.9
703,2008,Kaluga Oblast,-6.9,10.4,17.1,61.35,75.3
704,2008,Kamchatka Krai,0.3,11.7,12,48.06,79.1
705,2008,Karachay-Cherkess Republic,3.8,14.9,10.1,59.75,43.9
706,2008,Republic of Karelia,-5.1,11.1,17,57.33,77.1
707,2008,Kemerovo Oblast,-3.3,13,16.6,58.27,85.2
708,2008,Kirov Oblast,-5.8,11.3,17.5,59.79,73.1
709,2008,Kostroma Oblast,-6.7,11.3,18.4,62.25,69.2
710,2008,Krasnodar Krai,-2,12.2,14.1,64.59,52.8
711,2008,Krasnoyarsk Krai,-0.7,12.8,13.8,54.59,76
712,2008,Republic of Crimea,,,,,
713,2008,Kurgan Oblast,-3.8,12.4,16.7,64.18,59.3
714,2008,Kursk Oblast,-7.6,10.7,18.5,64.87,63.7
715,2008,Leningrad Oblast,-9.2,8.8,17.3,59.23,66
716,2008,Lipetsk Oblast,-6.3,10.8,16.9,62.99,63.3
717,2008,Magadan Oblast,-2.9,10.9,13.9,44.16,94.6
718,2008,Mari El Republic,-2.9,12.3,15.2,54.85,62.8
719,2008,Republic of Mordovia,-5.9,9.8,15.5,58.1,59.2
720,2008,Moscow,-1.5,10.3,11.1,54.31,100
721,2008,Moscow Oblast,-6.1,10.5,16.1,59.05,79.9
722,2008,Murmansk Oblast,-1.3,10.7,12.5,47.81,92.6
723,2008,Nenets Autonomous Okrug,3.6,16.4,12.8,52.42,66.6
724,2008,Nizhny Novgorod Oblast,-7.6,10.6,18.2,62.17,78.5
725,2008,Novgorod Oblast,-10.3,10.6,20.9,64.56,71.3
726,2008,Novosibirsk Oblast,-2,12.5,14.5,57,76.3
727,2008,Omsk Oblast,-1.9,12.4,14.5,56.58,71
728,2008,Orenburg Oblast,-1.9,12.7,15.1,59.64,59.1
729,2008,Oryol Oblast,-7,10.2,17.6,64.33,65.2
730,2008,Penza Oblast,-6.1,10.2,16.1,62.79,66.3
731,2008,Perm Krai,-2.5,13,15.8,59.23,75.5
732,2008,Primorsky Krai,-3.2,11.3,14.7,55.21,75.8
733,2008,Pskov Oblast,-11.7,10,21.8,64.5,69.2
734,2008,Altai Republic,9.1,21.3,12.5,59.66,26.9
735,2008,Komi Republic,-0.5,12.2,13.2,49.41,76.1
736,2008,Tuva Republic,13.9,25.2,11.6,62.31,51.8
737,2008,Rostov Oblast,-4.2,10.8,14.9,62.16,66.8
738,2008,Ryazan Oblast,-8.5,10.1,18.4,66.22,70.6
739,2008,Samara Oblast,-3.9,11.4,15,59.2,80.1
740,2008,Saint Petersburg,-4.2,10.4,14,58.28,100
741,2008,Saratov Oblast,-4.6,10.6,15.4,62.09,74.2
742,2008,Sakhalin Oblast,-2.2,12.3,14.7,50.85,79.1
743,2008,Sverdlovsk Oblast,-2.3,12.4,15,58.92,83.5
744,2008,Sevastopol,,,,,
745,2008,Republic of North Ossetia-Alania,2.8,14.2,11.2,66.11,63.7
746,2008,Smolensk Oblast,-9.6,10.1,19.2,59.23,72
747,2008,Stavropol Krai,-1.2,12.2,13.1,62.08,56.8
748,2008,Tambov Oblast,-8.6,9.2,17.6,65.52,58.2
749,2008,Republic of Tatarstan,-1.2,11.8,13,59.16,74.8
750,2008,Tver Oblast,-10,10.7,20.6,66.21,73.9
751,2008,Tomsk Oblast,-0.1,12.8,13,53.82,69.3
752,2008,Tula Oblast,-11.4,9,20.1,65.98,79.8
753,2008,Tyumen Oblast,6,15.1,9.2,54.07,63.6
754,2008,Udmurt Republic,-0.7,13.3,14,56.33,70.4
755,2008,Ulyanovsk Oblast,-5,10.3,15.2,58.99,73.4
756,2008,Khabarovsk Krai,-1.8,12.2,14.5,53.49,81.7
757,2008,Republic of Khakassia,1,14.8,14,56.54,70.7
758,2008,Khanty–Mansi Autonomous Okrug – Yugra,8.5,15.3,6.8,40.3,91.1
759,2008,Chelyabinsk Oblast,-2.2,12.8,15.1,60.23,81.8
760,2008,Chechen Republic,24.8,29.3,4.5,69.93,35.8
761,2008,Chuvash Republic,-2.7,11.7,14.6,58.19,61.4
762,2008,Chukotka Autonomous Okrug,2.7,15.1,11.8,42.28,65
763,2008,Sakha (Yakutia) Republic,6.1,16.2,10,53.03,64.2
764,2008,Yamalo-Nenets Autonomous Okrug,9.1,14.5,5.7,38.46,84.7
765,2008,Yaroslavl Oblast,-7,10.4,17.7,64.15,81.9
766,2009,Republic of Adygea,-1.6,12.4,14.1,67.36,51.1
767,2009,Altai Krai,-1.9,12.4,14.7,60.59,54.5
768,2009,Amur Oblast,-1.4,13.2,15.1,56.86,66.6
769,2009,Arkhangelsk Oblast,-2.1,12.3,14.5,58.11,75.1
770,2009,Astrakhan Oblast,0.8,14.2,13.3,59.95,66.6
771,2009,Republic of Bashkortostan,0.6,13.7,13.1,59.84,60.1
772,2009,Belgorod Oblast,-3.4,11,14.4,62.04,65.8
773,2009,Bryansk Oblast,-5.8,11.1,17,63.34,68.9
774,2009,Republic of Buryatia,4.4,17.4,12.9,56.92,56
775,2009,Vladimir Oblast,-7.6,10.8,18.2,64.22,77.5
776,2009,Volgograd Oblast,-3.1,11.4,14.4,63.1,75.6
777,2009,Vologda Oblast,-3.8,12.4,16.3,59.85,69.7
778,2009,Voronezh Oblast,-6.6,10.4,16.5,64.78,62
779,2009,Republic of Dagestan,12.4,18.5,5.9,61.06,44.6
780,2009,Jewish Autonomous Oblast,-1.6,13.2,15.4,57.46,67.4
781,2009,Zabaykalsky Krai,2.2,15.9,13.8,57.6,65.1
782,2009,Ivanovo Oblast,-8,10.6,18.6,64.51,80.9
783,2009,Republic of Ingushetia,15,18.7,4.6,65.52,42.8
784,2009,Irkutsk Oblast,1.3,15.2,14.3,59.14,79.4
785,2009,Kabardino-Balkar Republic,4.2,13.6,9.8,57.53,54.8
786,2009,Kaliningrad Oblast,-3.1,11.5,14.6,57.42,77.2
787,2009,Republic of Kalmykia,4.1,15.1,10.7,54.71,44
788,2009,Kaluga Oblast,-6.2,10.5,16.5,61.95,75.3
789,2009,Kamchatka Krai,0.1,11.9,12.5,49.46,78
790,2009,Karachay-Cherkess Republic,3.5,14.5,10,59.85,44
791,2009,Republic of Karelia,-4,11.5,16.3,58.91,77.5
792,2009,Kemerovo Oblast,-2.6,13.3,16.2,59.57,85.2
793,2009,Kirov Oblast,-5.2,11.4,17.1,61.17,73.3
794,2009,Kostroma Oblast,-5.4,11.8,17.6,63.16,69.4
795,2009,Krasnodar Krai,-1.3,12.4,13.5,65.06,52.8
796,2009,Krasnoyarsk Krai,0.2,13.2,13.3,55.49,75.8
797,2009,Republic of Crimea,,,,,
798,2009,Kurgan Oblast,-3.1,12.6,16.2,65.35,59.5
799,2009,Kursk Oblast,-6.8,10.8,17.8,65.35,64.2
800,2009,Leningrad Oblast,-7.8,9.2,16.3,59.87,65.9
801,2009,Lipetsk Oblast,-5.6,10.9,16.2,63.58,63.4
802,2009,Magadan Oblast,-1.2,12.1,13.5,45.84,94.9
803,2009,Mari El Republic,-2.2,12.7,14.9,55.79,62.9
804,2009,Republic of Mordovia,-5.9,9.8,15.5,58.62,59.6
805,2009,Moscow,-0.4,11,10.6,55.29,100
806,2009,Moscow Oblast,-4.9,11,15.3,59.48,80.2
807,2009,Murmansk Oblast,-1.2,10.8,12.5,49.27,92.7
808,2009,Nenets Autonomous Okrug,4.8,16.5,11.8,54.26,67.2
809,2009,Nizhny Novgorod Oblast,-6.6,10.9,17.4,62.66,78.6
810,2009,Novgorod Oblast,-9.2,11.2,20.4,65.53,71.2
811,2009,Novosibirsk Oblast,-1.2,12.9,14,57.7,76.6
812,2009,Omsk Oblast,-0.9,12.7,13.8,57.04,71.2
813,2009,Orenburg Oblast,-0.5,13.3,14.3,60.4,59.2
814,2009,Oryol Oblast,-6.2,10.4,17,64.86,65.4
815,2009,Penza Oblast,-5.5,10.3,15.6,63.54,66.6
816,2009,Perm Krai,-1.7,13.3,15.3,60.39,75.2
817,2009,Primorsky Krai,-2,11.8,14,56.22,75.9
818,2009,Pskov Oblast,-10.5,10.4,21.1,65.23,69.6
819,2009,Altai Republic,8.4,20.3,12.2,61.42,27.1
820,2009,Komi Republic,-0.4,12.4,13.3,50.65,76.3
821,2009,Tuva Republic,14.5,26.1,12,63.97,51.9
822,2009,Rostov Oblast,-3.8,10.9,14.5,62.43,67
823,2009,Ryazan Oblast,-7.7,10.1,17.7,66.59,70.5
824,2009,Samara Oblast,-3.3,11.5,14.6,60.07,80.2
825,2009,Saint Petersburg,-2.8,11.3,13.5,58.77,100
826,2009,Saratov Oblast,-4.3,10.7,15.2,62.83,74.3
827,2009,Sakhalin Oblast,-2.4,12.1,14.7,52.8,79.3
828,2009,Sverdlovsk Oblast,-1.5,12.8,14.6,60.1,83.6
829,2009,Sevastopol,,,,,
830,2009,Republic of North Ossetia-Alania,2.9,14.3,11.2,66.3,63.6
831,2009,Smolensk Oblast,-8.4,10.8,18.7,59.87,72.3
832,2009,Stavropol Krai,-1.1,12.1,12.9,61.79,56.9
833,2009,Tambov Oblast,-8,9.3,17.1,65.87,58.4
834,2009,Republic of Tatarstan,-0.3,12.4,12.7,59.35,75
835,2009,Tver Oblast,-8.9,11.1,19.9,66.57,74.2
836,2009,Tomsk Oblast,0.3,13.2,12.9,54.47,69.6
837,2009,Tula Oblast,-9.9,9.5,19.1,66.53,79.8
838,2009,Tyumen Oblast,6.7,15.5,9,54.86,64
839,2009,Udmurt Republic,0.6,13.8,13.2,57.43,69.2
840,2009,Ulyanovsk Oblast,-4.4,10.5,14.9,59.8,73.5
841,2009,Khabarovsk Krai,-1.1,12.5,14.2,54.53,81.7
842,2009,Republic of Khakassia,1.5,15,13.6,57.87,70.7
843,2009,Khanty–Mansi Autonomous Okrug – Yugra,9,15.6,6.7,41.66,91.3
844,2009,Chelyabinsk Oblast,-1.3,13,14.4,61.05,81.9
845,2009,Chechen Republic,23.8,29.1,5.4,70.85,35.9
846,2009,Chuvash Republic,-1.1,12.6,13.9,58.52,57.8
847,2009,Chukotka Autonomous Okrug,1.2,14.2,12.4,44.57,64.7
848,2009,Sakha (Yakutia) Republic,7,16.8,9.8,53.72,64.4
849,2009,Yamalo-Nenets Autonomous Okrug,9.7,15.1,5.6,39.65,84.7
850,2009,Yaroslavl Oblast,-5.7,10.9,16.9,64.88,82
851,2010,Republic of Adygea,-1.2,12.9,14.1,68.34,51
852,2010,Altai Krai,-2.3,12.7,15,62.72,54.3
853,2010,Amur Oblast,-1.5,13.8,15.3,58.76,66.5
854,2010,Arkhangelsk Oblast,-2,12.4,14.6,60.63,75.5
855,2010,Astrakhan Oblast,0.7,14.2,13.5,61.37,66.7
856,2010,Republic of Bashkortostan,0.6,14,13.4,61.12,60.3
857,2010,Belgorod Oblast,-3.5,10.9,14.4,63.16,65.9
858,2010,Bryansk Oblast,-6.3,10.7,17,64.53,69
859,2010,Republic of Buryatia,4.3,17,12.7,59.33,57.8
860,2010,Vladimir Oblast,-7.2,10.8,18,65.92,77.5
861,2010,Volgograd Oblast,-3.4,11.3,14.7,64.35,75.7
862,2010,Vologda Oblast,-4.2,12.5,16.7,61.97,70
863,2010,Voronezh Oblast,-6.8,10.2,17,65.87,62.1
864,2010,Republic of Dagestan,12.1,18,5.9,60.93,44.8
865,2010,Jewish Autonomous Oblast,-1.9,13.6,15.5,59.62,67.3
866,2010,Zabaykalsky Krai,2.1,15.9,13.8,59.46,65.5
867,2010,Ivanovo Oblast,-8,10.4,18.4,65.95,80.8
868,2010,Republic of Ingushetia,22.6,27.1,4.5,66.25,42.7
869,2010,Irkutsk Oblast,0.8,15.2,14.4,61.21,79.4
870,2010,Kabardino-Balkar Republic,5.2,14.6,9.4,58.3,54.7
871,2010,Kaliningrad Oblast,-2.8,11.4,14.2,58.95,77.2
872,2010,Republic of Kalmykia,4.3,15.3,11,56.04,44.1
873,2010,Kaluga Oblast,-5.5,11,16.5,63.34,75.2
874,2010,Kamchatka Krai,-0.6,12,12.6,51.44,78.3
875,2010,Karachay-Cherkess Republic,2.9,12.9,10,61.17,43.7
876,2010,Republic of Karelia,-4.1,12.1,16.2,61.44,77.7
877,2010,Kemerovo Oblast,-3,13.1,16.1,61.7,85.3
878,2010,Kirov Oblast,-5,11.7,16.7,63.51,73.6
879,2010,Kostroma Oblast,-5.6,12.1,17.7,65.26,69.6
880,2010,Krasnodar Krai,-1.3,12.2,13.5,66.35,52.8
881,2010,Krasnoyarsk Krai,0.1,13.6,13.5,57.18,76
882,2010,Republic of Crimea,,,,,
883,2010,Kurgan Oblast,-3.1,12.9,16,67.59,59.9
884,2010,Kursk Oblast,-6.5,11.1,17.6,66.69,64.7
885,2010,Leningrad Oblast,-7,8.8,15.8,61.41,65.8
886,2010,Lipetsk Oblast,-5.8,10.9,16.7,65.1,63.5
887,2010,Magadan Oblast,-1.5,11.5,13,48.48,95.2
888,2010,Mari El Republic,-2.5,12.7,15.2,57.62,63
889,2010,Republic of Mordovia,-6.2,9.5,15.7,59.79,60.1
890,2010,Moscow,-0.3,10.7,11,56.83,100
891,2010,Moscow Oblast,-4.5,10.9,15.4,60.57,80.2
892,2010,Murmansk Oblast,-0.2,11.7,11.9,51.35,92.7
893,2010,Nenets Autonomous Okrug,4.7,16.6,11.9,56.93,67
894,2010,Nizhny Novgorod Oblast,-7,10.9,17.9,64.13,78.8
895,2010,Novgorod Oblast,-8.7,11.3,20,67.54,70.5
896,2010,Novosibirsk Oblast,-0.7,13.2,13.9,59.05,76.9
897,2010,Omsk Oblast,-0.7,13.2,13.9,58.43,71.2
898,2010,Orenburg Oblast,-0.5,14,14.5,61.84,59.4
899,2010,Oryol Oblast,-6.4,11,17.4,66.32,65.4
900,2010,Penza Oblast,-5.7,10.2,15.9,65,66.8
901,2010,Perm Krai,-1.2,14.1,15.3,62.45,74.8
902,2010,Primorsky Krai,-2.5,11.8,14.3,57.73,76
903,2010,Pskov Oblast,-10.7,10.5,21.2,67.13,69.8
904,2010,Altai Republic,8.3,20.5,12.2,64.19,27.5
905,2010,Komi Republic,-0.2,12.9,13.1,52.89,76.6
906,2010,Tuva Republic,15.2,26.8,11.6,65.95,52.4
907,2010,Rostov Oblast,-3.8,10.9,14.7,63.61,67.1
908,2010,Ryazan Oblast,-7.9,10.2,18.1,67.89,70.7
909,2010,Samara Oblast,-3.6,11.6,15.2,61.58,80.2
910,2010,Saint Petersburg,-2,11.4,13.4,59.91,100
911,2010,Saratov Oblast,-4.9,10.8,15.7,64.2,74.4
912,2010,Sakhalin Oblast,-2.8,12.1,14.9,55.51,79.5
913,2010,Sverdlovsk Oblast,-0.9,13.4,14.3,62.22,83.7
914,2010,Sevastopol,,,,,
915,2010,Republic of North Ossetia-Alania,3.6,14.5,10.9,67.2,63.7
916,2010,Smolensk Oblast,-8,10.4,18.4,61.41,72.4
917,2010,Stavropol Krai,-0.5,11.9,12.4,62.54,57
918,2010,Tambov Oblast,-8,9.5,17.5,67.1,58.5
919,2010,Republic of Tatarstan,-0.2,12.9,13.1,60.53,75.2
920,2010,Tver Oblast,-9.2,10.9,20.1,68,74.5
921,2010,Tomsk Oblast,0.4,13,12.6,55.71,70
922,2010,Tula Oblast,-9.8,9.5,19.3,67.92,79.7
923,2010,Tyumen Oblast,7.1,15.8,9,56.78,59.9
924,2010,Udmurt Republic,0.3,14.2,13.9,59.64,69.3
925,2010,Ulyanovsk Oblast,-5.1,10.6,15.7,61.32,73.3
926,2010,Khabarovsk Krai,-1.7,12.9,14.6,56.22,81.8
927,2010,Republic of Khakassia,1.2,15,13.8,60.04,67.8
928,2010,Khanty–Mansi Autonomous Okrug – Yugra,9.6,16.4,6.8,43.49,91.4
929,2010,Chelyabinsk Oblast,-1,13.4,14.4,62.96,81.9
930,2010,Chechen Republic,24.3,29.9,5.6,72.42,36.8
931,2010,Chuvash Republic,-1.6,12.9,14.5,59.96,58.3
932,2010,Chukotka Autonomous Okrug,0.9,14.7,13.8,47.11,64.6
933,2010,Sakha (Yakutia) Republic,7,16.8,9.8,55.22,64.4
934,2010,Yamalo-Nenets Autonomous Okrug,10.3,15.8,5.5,41.47,84.7
935,2010,Yaroslavl Oblast,-6,11.2,17.2,67.03,82.1
936,2011,Republic of Adygea,-1.2,12.6,13.8,69.86,50.9
937,2011,Altai Krai,-1.9,12.7,14.6,65.04,54.8
938,2011,Amur Oblast,-1.2,13.6,14.8,60.63,66.9
939,2011,Arkhangelsk Oblast,-1.7,12.1,13.9,63.07,76
940,2011,Astrakhan Oblast,1.2,14.2,13,62.83,66.7
941,2011,Republic of Bashkortostan,0.4,13.8,13.4,62.42,60.6
942,2011,Belgorod Oblast,-3,11.1,14.1,64.29,66.2
943,2011,Bryansk Oblast,-5.2,10.9,16.1,65.84,69.1
944,2011,Republic of Buryatia,4.3,17,12.7,61.43,58.5
945,2011,Vladimir Oblast,-6.2,10.9,17.1,67.49,77.7
946,2011,Volgograd Oblast,-2.6,11.2,13.8,65.64,76
947,2011,Vologda Oblast,-2.7,13,15.7,64.04,70.8
948,2011,Voronezh Oblast,-5.7,10.2,15.9,66.41,65.5
949,2011,Republic of Dagestan,12.9,18.7,5.8,60.74,45.2
950,2011,Jewish Autonomous Oblast,-1.3,14.2,15.5,61.09,67.8
951,2011,Zabaykalsky Krai,2.2,15.5,13.3,60.87,66
952,2011,Ivanovo Oblast,-6.5,10.4,16.9,67.49,81
953,2011,Republic of Ingushetia,23,27,4,67.37,38.4
954,2011,Irkutsk Oblast,1.3,15.3,14,62.86,79.6
955,2011,Kabardino-Balkar Republic,5.6,15,9.4,59.41,54.4
956,2011,Kaliningrad Oblast,-1.5,11.8,13.3,60.17,77.6
957,2011,Republic of Kalmykia,4.5,14.6,10.1,57.83,44.1
958,2011,Kaluga Oblast,-4.5,10.9,15.4,64.95,76.3
959,2011,Kamchatka Krai,0.4,12.5,12.1,52.88,77.4
960,2011,Karachay-Cherkess Republic,3.3,13.2,9.9,62.57,43.3
961,2011,Republic of Karelia,-2.8,12,14.8,63.73,78.1
962,2011,Kemerovo Oblast,-2.8,12.7,15.5,63.84,85.4
963,2011,Kirov Oblast,-3.9,11.9,15.8,65.95,74.1
964,2011,Kostroma Oblast,-4.3,12.3,16.6,67.26,70
965,2011,Krasnodar Krai,-1.3,12.2,13.5,67.53,52.9
966,2011,Krasnoyarsk Krai,0.5,13.5,13,58.71,76.4
967,2011,Republic of Crimea,,,,,
968,2011,Kurgan Oblast,-2.9,12.8,15.7,69.92,60.3
969,2011,Kursk Oblast,-5.3,11.5,16.8,67.9,65.4
970,2011,Leningrad Oblast,-6.1,8.6,14.7,63.03,65.7
971,2011,Lipetsk Oblast,-4.5,10.7,15.2,66.6,63.7
972,2011,Magadan Oblast,-1.4,11.6,13,50.85,95.5
973,2011,Mari El Republic,-1.1,13.1,14.2,59.56,63.2
974,2011,Republic of Mordovia,-5.3,9.5,14.8,61.06,60.6
975,2011,Moscow,1.1,10.8,9.7,57.72,100
976,2011,Moscow Oblast,-3.1,11,14.1,61.37,80.1
977,2011,Murmansk Oblast,0,11.5,11.5,53.15,92.8
978,2011,Nenets Autonomous Okrug,4.7,15.2,10.5,58.99,67.9
979,2011,Nizhny Novgorod Oblast,-5.4,11,16.4,65.32,78.9
980,2011,Novgorod Oblast,-7.1,11.3,18.4,69.49,70.7
981,2011,Novosibirsk Oblast,-0.5,13.1,13.6,60.6,77.3
982,2011,Omsk Oblast,0.1,13.6,13.5,60,71.5
983,2011,Orenburg Oblast,-0.4,13.9,14.3,63.43,59.7
984,2011,Oryol Oblast,-5.8,10.5,16.3,67.73,65.5
985,2011,Penza Oblast,-5.1,10.1,15.2,66.62,67.2
986,2011,Perm Krai,-0.6,14.1,14.7,64.48,75
987,2011,Primorsky Krai,-2.1,12,14.1,58.8,76.1
988,2011,Pskov Oblast,-8.9,10.5,19.4,69.02,70.2
989,2011,Altai Republic,10.5,22.7,12.2,66.73,27.7
990,2011,Komi Republic,0.7,13.1,12.4,55.02,77
991,2011,Tuva Republic,16.5,27.5,11,68.03,53.1
992,2011,Rostov Oblast,-3.4,10.9,14.3,64.66,67.3
993,2011,Ryazan Oblast,-6.2,10.2,16.4,69.34,70.9
994,2011,Samara Oblast,-2.9,11.5,14.4,62.8,80.3
995,2011,Saint Petersburg,-0.9,11.6,12.5,60.19,100
996,2011,Saratov Oblast,-3.8,10.7,14.5,65.48,74.6
997,2011,Sakhalin Oblast,-2.4,11.8,14.2,57.47,79.8
998,2011,Sverdlovsk Oblast,-0.6,13.5,14.1,64.08,83.9
999,2011,Sevastopol,,,,,
1000,2011,Republic of North Ossetia-Alania,3.7,14.6,10.9,67.9,63.8
1001,2011,Smolensk Oblast,-6.4,10.4,16.8,63.03,72.7
1002,2011,Stavropol Krai,-0.5,11.8,12.3,63.52,57.2
1003,2011,Tambov Oblast,-7.1,9.3,16.4,68.38,58.7
1004,2011,Republic of Tatarstan,1,13.4,12.4,61.76,75.4
1005,2011,Tver Oblast,-7.7,11,18.7,69.43,74.8
1006,2011,Tomsk Oblast,0.8,13,12.2,57.48,70.3
1007,2011,Tula Oblast,-8.3,9.4,17.7,69.27,79.4
1008,2011,Tyumen Oblast,7.6,15.9,8.5,58.65,60.5
1009,2011,Udmurt Republic,1,14.4,13.4,61.89,68.7
1010,2011,Ulyanovsk Oblast,-4,10.8,14.8,62.83,73.6
1011,2011,Khabarovsk Krai,-1.6,12.9,14.5,57.4,81.8
1012,2011,Republic of Khakassia,1.7,15.1,13.4,62.38,67.4
1013,2011,Khanty–Mansi Autonomous Okrug – Yugra,9.9,16.4,6.5,45.23,91.5
1014,2011,Chelyabinsk Oblast,-0.6,13.6,14.2,64.78,82
1015,2011,Chechen Republic,23.7,29,5.3,73.05,34.9
1016,2011,Chuvash Republic,-0.7,12.9,13.6,61.38,58.9
1017,2011,Chukotka Autonomous Okrug,2.5,13.6,11.1,48.86,64.9
1018,2011,Sakha (Yakutia) Republic,7.7,17.1,9.4,56.61,64.1
1019,2011,Yamalo-Nenets Autonomous Okrug,10.2,15.6,5.4,42.81,84.8
1020,2011,Yaroslavl Oblast,-4.7,11.1,15.8,68.93,82.2
1021,2012,Republic of Adygea,-0.5,12.9,13.4,71.02,46.9
1022,2012,Altai Krai,-0.9,13.7,14.6,67.8,55.2
1023,2012,Amur Oblast,-0.4,14.3,14.7,63.04,67
1024,2012,Arkhangelsk Oblast,-0.8,12.6,13.6,65.76,76.4
1025,2012,Astrakhan Oblast,2.4,15.1,12.7,64.35,66.7
1026,2012,Republic of Bashkortostan,1.4,14.6,13.2,64.25,60.8
1027,2012,Belgorod Oblast,-2.4,11.6,14,65.78,66.4
1028,2012,Bryansk Oblast,-4.8,11.4,16.2,67.56,69.2
1029,2012,Republic of Buryatia,5.1,17.5,12.4,63.85,58.8
1030,2012,Vladimir Oblast,-5.2,11.5,16.7,69.6,77.6
1031,2012,Volgograd Oblast,-1.9,11.7,13.6,67.32,76.1
1032,2012,Vologda Oblast,-1.1,14,15.1,66.33,71.2
1033,2012,Voronezh Oblast,-4.7,10.9,15.6,67.68,65.9
1034,2012,Republic of Dagestan,13.4,19.1,5.7,60.71,45.1
1035,2012,Jewish Autonomous Oblast,-1.1,14.1,15.2,63.59,68.1
1036,2012,Zabaykalsky Krai,3.1,16.2,13.1,62.8,66.4
1037,2012,Ivanovo Oblast,-5.8,11.1,16.9,69.28,81
1038,2012,Republic of Ingushetia,17.7,21.4,3.7,67.78,39.2
1039,2012,Irkutsk Oblast,2,15.9,13.9,65.09,79.6
1040,2012,Kabardino-Balkar Republic,7,16,9,60.46,54.3
1041,2012,Kaliningrad Oblast,-0.8,12.4,13.2,62.05,77.5
1042,2012,Republic of Kalmykia,4.9,15,10.1,60.19,44.4
1043,2012,Kaluga Oblast,-4.1,11.7,15.8,66.72,75.9
1044,2012,Kamchatka Krai,1.5,13.1,11.6,54.43,77.5
1045,2012,Karachay-Cherkess Republic,3.9,13.7,9.8,63.71,43.1
1046,2012,Republic of Karelia,-2.8,12.6,15.4,66.31,78.4
1047,2012,Kemerovo Oblast,-1.4,13.8,15.2,66.22,85.4
1048,2012,Kirov Oblast,-2.8,12.8,15.6,68.67,74.5
1049,2012,Kostroma Oblast,-3.2,12.9,16.1,69.69,70.2
1050,2012,Krasnodar Krai,-0.2,13,13.2,68.57,53.3
1051,2012,Krasnoyarsk Krai,1.5,14.5,13,60.43,76.5
1052,2012,Republic of Crimea,,,,,
1053,2012,Kurgan Oblast,-2.1,13.9,16,73.44,60.4
1054,2012,Kursk Oblast,-4.6,12,16.6,69.75,65.9
1055,2012,Leningrad Oblast,-5.7,9,14.7,64.56,65.4
1056,2012,Lipetsk Oblast,-3.7,11.7,15.4,68.48,63.9
1057,2012,Magadan Oblast,-0.1,12.6,12.7,53.17,95.7
1058,2012,Mari El Republic,0.5,14.2,13.7,62.06,63.8
1059,2012,Republic of Mordovia,-4.5,10,14.5,62.74,61
1060,2012,Moscow,1.4,11.3,9.9,62.82,100
1061,2012,Moscow Oblast,-2.4,11.9,14.3,56.82,80.1
1062,2012,Murmansk Oblast,0.5,11.8,11.3,55.13,92.7
1063,2012,Nenets Autonomous Okrug,7.1,17.3,10.2,60.91,69.1
1064,2012,Nizhny Novgorod Oblast,-4.3,11.8,16.1,66.93,79
1065,2012,Novgorod Oblast,-5.8,12.1,17.9,71.85,70.6
1066,2012,Novosibirsk Oblast,0.3,13.9,13.6,62.33,77.6
1067,2012,Omsk Oblast,1.1,14.9,13.8,62.12,71.6
1068,2012,Orenburg Oblast,0.7,14.8,14.1,65.57,59.6
1069,2012,Oryol Oblast,-5.2,11.2,16.4,69.51,65.7
1070,2012,Penza Oblast,-4.1,10.8,14.9,68.51,67.6
1071,2012,Perm Krai,0.6,14.8,14.2,66.76,74.9
1072,2012,Primorsky Krai,-1.1,12.6,13.7,60.34,76.3
1073,2012,Pskov Oblast,-8.5,11.1,19.6,71.15,70.2
1074,2012,Altai Republic,10.9,22.4,11.5,70.02,28.7
1075,2012,Komi Republic,1.8,14,12.2,57.41,77.2
1076,2012,Tuva Republic,15.5,26.7,11.2,70.38,53.6
1077,2012,Rostov Oblast,-2.3,11.7,14,66.05,67.5
1078,2012,Ryazan Oblast,-5.5,10.9,16.4,71.01,71
1079,2012,Samara Oblast,-1.8,12.1,13.9,64.5,80.3
1080,2012,Saint Petersburg,0.2,12.6,12.4,61.32,100
1081,2012,Saratov Oblast,-2.9,11.4,14.3,67.07,74.8
1082,2012,Sakhalin Oblast,-1.2,12.7,13.9,59.52,80.3
1083,2012,Sverdlovsk Oblast,0.3,14.3,14,66.13,84
1084,2012,Sevastopol,,,,,
1085,2012,Republic of North Ossetia-Alania,4.7,15.3,10.6,68.86,63.9
1086,2012,Smolensk Oblast,-6.3,10.5,16.8,64.56,72.6
1087,2012,Stavropol Krai,0.6,12.6,12,64.59,57.4
1088,2012,Tambov Oblast,-6.5,9.7,16.2,69.81,58.8
1089,2012,Republic of Tatarstan,2.3,14.5,12.2,63.45,75.7
1090,2012,Tver Oblast,-6.7,11.6,18.3,71.31,74.9
1091,2012,Tomsk Oblast,1.7,13.6,11.9,58.91,70.9
1092,2012,Tula Oblast,-7.6,10.1,17.7,70.71,79
1093,2012,Tyumen Oblast,8.8,16.8,8.4,60.74,61.3
1094,2012,Udmurt Republic,2.4,15.3,12.9,64.56,68.9
1095,2012,Ulyanovsk Oblast,-2.7,11.5,14.2,64.91,73.8
1096,2012,Khabarovsk Krai,0.2,13.8,13.6,59,81.5
1097,2012,Republic of Khakassia,2.6,16,13.4,65.19,67.5
1098,2012,Khanty–Mansi Autonomous Okrug – Yugra,11.4,17.7,6.3,47.1,91.6
1099,2012,Chelyabinsk Oblast,0.2,14.4,14.2,66.89,82.1
1100,2012,Chechen Republic,20.7,26.2,5.5,74.71,34.9
1101,2012,Chuvash Republic,0.7,14,13.3,63.24,59.4
1102,2012,Chukotka Autonomous Okrug,2.6,14,11.4,49.16,66
1103,2012,Sakha (Yakutia) Republic,8.5,17.8,9.3,58.4,64.6
1104,2012,Yamalo-Nenets Autonomous Okrug,11.4,16.8,5.4,42.68,85
1105,2012,Yaroslavl Oblast,-4,11.9,15.9,70.75,81.9
1106,2013,Republic of Adygea,-0.6,12.5,13.1,72.36,47
1107,2013,Altai Krai,-0.8,13.4,14.2,70.87,55.5
1108,2013,Amur Oblast,0.2,14.1,13.9,65.4,67.1
1109,2013,Arkhangelsk Oblast,-0.7,12.7,13.4,68.78,76.8
1110,2013,Astrakhan Oblast,2.6,14.8,12.2,67.09,66.7
1111,2013,Republic of Bashkortostan,1.5,14.6,13.1,66.52,61.1
1112,2013,Belgorod Oblast,-2.2,11.6,13.8,67.74,66.6
1113,2013,Bryansk Oblast,-4.8,11.1,15.9,69.68,69.3
1114,2013,Republic of Buryatia,5.8,17.6,11.8,66.6,59
1115,2013,Vladimir Oblast,-5.6,11.1,16.7,72.12,77.6
1116,2013,Volgograd Oblast,-2,11.5,13.5,69.41,76.3
1117,2013,Vologda Oblast,-1.2,13.8,15,69.07,71.3
1118,2013,Voronezh Oblast,-4.8,10.7,15.5,69.44,66.3
1119,2013,Republic of Dagestan,13.3,18.8,5.5,61.19,45.1
1120,2013,Jewish Autonomous Oblast,-0.9,13.7,14.6,66.18,67.9
1121,2013,Zabaykalsky Krai,3.4,15.9,12.5,65.13,66.8
1122,2013,Ivanovo Oblast,-5.1,11.2,16.3,71.34,81.1
1123,2013,Republic of Ingushetia,17.7,21.2,3.5,68.15,39.9
1124,2013,Irkutsk Oblast,2.1,15.7,13.6,67.55,79.5
1125,2013,Kabardino-Balkar Republic,6.6,15.6,9,62.25,54.1
1126,2013,Kaliningrad Oblast,-0.7,12.4,13.1,64.17,77.5
1127,2013,Republic of Kalmykia,4.7,14.6,9.9,63.1,44.7
1128,2013,Kaluga Oblast,-3.5,11.7,15.2,69.02,75.9
1129,2013,Kamchatka Krai,1.6,13,11.4,55.6,77.1
1130,2013,Karachay-Cherkess Republic,4.4,13.9,9.5,65.44,42.9
1131,2013,Republic of Karelia,-2.7,11.9,14.6,68.99,78.8
1132,2013,Kemerovo Oblast,-0.9,13.6,14.5,69.06,85.5
1133,2013,Kirov Oblast,-2.4,13,15.4,71.95,74.8
1134,2013,Kostroma Oblast,-3.4,12.7,16.1,72.36,70.5
1135,2013,Krasnodar Krai,0.3,13.1,12.8,70.35,53.5
1136,2013,Krasnoyarsk Krai,1.7,14.4,12.7,62.55,76.6
1137,2013,Republic of Crimea,,,,,
1138,2013,Kurgan Oblast,-2.1,14,16.1,77.27,60.7
1139,2013,Kursk Oblast,-4.5,11.6,16.1,71.86,66.5
1140,2013,Leningrad Oblast,-5.6,8.8,14.4,66.57,65.2
1141,2013,Lipetsk Oblast,-3.9,11.3,15.2,70.82,64
1142,2013,Magadan Oblast,0.7,12.6,11.9,55.82,95.8
1143,2013,Mari El Republic,0.9,14.6,13.7,65.17,64.3
1144,2013,Republic of Mordovia,-4.7,10.1,14.8,64.82,61.3
1145,2013,Moscow,1.7,11.3,9.6,61.44,98.9
1146,2013,Moscow Oblast,-1.8,12.1,13.9,63.58,81.4
1147,2013,Murmansk Oblast,0.9,11.9,11,57.39,92.7
1148,2013,Nenets Autonomous Okrug,5.7,16.4,10.7,63.34,70
1149,2013,Nizhny Novgorod Oblast,-4.1,11.8,15.9,69.02,79.1
1150,2013,Novgorod Oblast,-6,11.8,17.8,74.83,70.5
1151,2013,Novosibirsk Oblast,0.7,14.1,13.4,64.46,77.9
1152,2013,Omsk Oblast,1.3,14.7,13.4,64.69,71.8
1153,2013,Orenburg Oblast,0.9,14.8,13.9,68.23,59.7
1154,2013,Oryol Oblast,-5.2,11,16.2,71.74,65.8
1155,2013,Penza Oblast,-4.1,10.6,14.7,70.91,67.7
1156,2013,Perm Krai,0.7,14.7,14,69.11,75.1
1157,2013,Primorsky Krai,-0.8,12.7,13.5,62.38,76.6
1158,2013,Pskov Oblast,-7.6,11,18.6,73.57,70.3
1159,2013,Altai Republic,9.8,21.1,11.3,73.42,28.9
1160,2013,Komi Republic,2.2,14.2,12,60.22,77.3
1161,2013,Tuva Republic,15.2,26.1,10.9,72.85,53.9
1162,2013,Rostov Oblast,-2.1,11.7,13.8,67.82,67.7
1163,2013,Ryazan Oblast,-5,10.8,15.8,73.03,71
1164,2013,Samara Oblast,-2,12.3,14.3,66.81,80.3
1165,2013,Saint Petersburg,0.7,12.6,11.9,62.65,100
1166,2013,Saratov Oblast,-3,11.4,14.4,68.93,74.8
1167,2013,Sakhalin Oblast,-0.2,12.9,13.1,61.94,80.8
1168,2013,Sverdlovsk Oblast,0.7,14.4,13.7,68.65,84.1
1169,2013,Sevastopol,,,,,
1170,2013,Republic of North Ossetia-Alania,4.8,15.3,10.5,70.49,63.9
1171,2013,Smolensk Oblast,-5.8,10.6,16.4,66.57,72.5
1172,2013,Stavropol Krai,0.9,12.6,11.7,66.2,57.6
1173,2013,Tambov Oblast,-6.6,9.5,16.1,71.5,59.1
1174,2013,Republic of Tatarstan,2.6,14.7,12.1,65.66,75.9
1175,2013,Tver Oblast,-6.7,11.3,18,73.5,74.9
1176,2013,Tomsk Oblast,2.1,13.8,11.7,60.9,71.2
1177,2013,Tula Oblast,-7.5,9.9,17.4,72.94,78.8
1178,2013,Tyumen Oblast,5.1,16.6,11.5,63.1,62.1
1179,2013,Udmurt Republic,1.9,14.6,12.7,67.71,65
1180,2013,Ulyanovsk Oblast,-2.8,11.6,14.4,67.47,74
1181,2013,Khabarovsk Krai,0.6,13.9,13.3,60.94,81.5
1182,2013,Republic of Khakassia,2.6,15.7,13.1,68.29,67.7
1183,2013,Khanty–Mansi Autonomous Okrug – Yugra,11.2,17.5,6.3,49.63,91.8
1184,2013,Chelyabinsk Oblast,0.2,14.1,13.9,69.41,82.2
1185,2013,Chechen Republic,19.8,24.7,4.9,76.25,34.8
1186,2013,Chuvash Republic,0.9,14,13.1,65.61,59.8
1187,2013,Chukotka Autonomous Okrug,2.6,13.1,10.5,50.45,66.7
1188,2013,Sakha (Yakutia) Republic,8.8,17.5,8.7,60.45,64.9
1189,2013,Yamalo-Nenets Autonomous Okrug,11.5,16.6,5.1,43.74,83.8
1190,2013,Yaroslavl Oblast,-3.7,12.1,15.8,72.87,81.9
1191,2014,Republic of Adygea,-0.6,12.7,13.3,73.96,47
1192,2014,Altai Krai,-1,13.2,14.2,74.16,55.8
1193,2014,Amur Oblast,-0.2,13.7,13.9,68.21,67.1
1194,2014,Arkhangelsk Oblast,-0.9,12.5,13.4,71.83,76.7
1195,2014,Astrakhan Oblast,2.3,14.9,12.6,69.58,66.7
1196,2014,Republic of Bashkortostan,1.7,14.8,13.1,68.73,61.4
1197,2014,Belgorod Oblast,-2.5,11.5,14,70.11,66.8
1198,2014,Bryansk Oblast,-5,11,16,72,69.5
1199,2014,Republic of Buryatia,6,17.5,11.5,69.59,58.8
1200,2014,Vladimir Oblast,-5.4,11.2,16.6,74.64,77.7
1201,2014,Volgograd Oblast,-2.1,11.6,13.7,71.67,76.4
1202,2014,Vologda Oblast,-1.2,13.6,14.8,72.08,71.5
1203,2014,Voronezh Oblast,-4.8,10.9,15.7,71.43,66.7
1204,2014,Republic of Dagestan,13.6,19.1,5.5,62.04,45.1
1205,2014,Jewish Autonomous Oblast,-1.1,13.9,15,69.06,67.9
1206,2014,Zabaykalsky Krai,3.5,16,12.5,67.69,67.1
1207,2014,Ivanovo Oblast,-5.3,11.1,16.4,73.65,81.1
1208,2014,Republic of Ingushetia,18,21.5,3.5,68.69,40.4
1209,2014,Irkutsk Oblast,1.6,15.3,13.7,70.26,79.4
1210,2014,Kabardino-Balkar Republic,6.8,15.6,8.8,64.15,52.3
1211,2014,Kaliningrad Oblast,-0.7,12.6,13.3,66.43,77.6
1212,2014,Republic of Kalmykia,4.2,14.1,9.9,66.01,44.9
1213,2014,Kaluga Oblast,-3.5,11.8,15.3,71.58,75.9
1214,2014,Kamchatka Krai,1.7,13.2,11.5,57.23,77.4
1215,2014,Karachay-Cherkess Republic,3.8,13.5,9.7,67.56,42.7
1216,2014,Republic of Karelia,-2.3,12.3,14.6,71.86,79.2
1217,2014,Kemerovo Oblast,-1.4,13.2,14.6,72.03,85.6
1218,2014,Kirov Oblast,-2.3,12.8,15.1,75.54,75.1
1219,2014,Kostroma Oblast,-3.2,12.6,15.8,75.18,70.8
1220,2014,Krasnodar Krai,0.6,13.5,12.9,72.17,53.9
1221,2014,Krasnoyarsk Krai,1.7,14.4,12.7,64.92,76.4
1222,2014,Republic of Crimea,-2.4,12.9,,,
1223,2014,Kurgan Oblast,-2.3,13.6,15.9,80.89,61.1
1224,2014,Kursk Oblast,-4.9,11.7,16.6,74.24,66.5
1225,2014,Leningrad Oblast,-5.4,9.1,14.5,69.23,64.9
1226,2014,Lipetsk Oblast,-3.9,11.5,15.4,73.09,64.1
1227,2014,Magadan Oblast,0.3,12.2,11.9,58.62,95.3
1228,2014,Mari El Republic,1,14.7,13.7,68.53,64.8
1229,2014,Republic of Mordovia,-4.3,10,14.3,67.19,60.7
1230,2014,Moscow,1.6,11.3,9.7,63.49,98.9
1231,2014,Moscow Oblast,-1.3,12.5,13.8,65.27,81.6
1232,2014,Murmansk Oblast,0.3,11.7,11.4,59.94,92.7
1233,2014,Nenets Autonomous Okrug,7.9,16.8,8.9,65.33,70.8
1234,2014,Nizhny Novgorod Oblast,-4,11.9,15.9,71.33,79.2
1235,2014,Novgorod Oblast,-5.4,12,17.4,77.87,70.5
1236,2014,Novosibirsk Oblast,0.7,14,13.3,66.89,78.2
1237,2014,Omsk Oblast,1.9,15.1,13.2,67.57,71.9
1238,2014,Orenburg Oblast,0.4,14.6,14.2,71.11,59.8
1239,2014,Oryol Oblast,-5.4,11,16.4,74.26,65.9
1240,2014,Penza Oblast,-4,10.8,14.8,73.41,68
1241,2014,Perm Krai,0.7,14.7,14,71.7,75.3
1242,2014,Primorsky Krai,-0.6,12.8,13.4,64.84,76.7
1243,2014,Pskov Oblast,-7.5,10.9,18.4,76.17,70.2
1244,2014,Altai Republic,9.6,20.7,11.1,76.88,29
1245,2014,Komi Republic,2,14.2,12.2,63.22,77.5
1246,2014,Tuva Republic,14.4,25.3,10.9,76.01,54
1247,2014,Rostov Oblast,-2,12.1,14.1,70.01,67.8
1248,2014,Ryazan Oblast,-5.1,11,16.1,75.35,71.1
1249,2014,Samara Oblast,-1.7,12.6,14.3,69.32,80.3
1250,2014,Saint Petersburg,1.3,13,11.7,63.69,100
1251,2014,Saratov Oblast,-2.5,11.6,14.1,71.05,75
1252,2014,Sakhalin Oblast,0.6,13.6,13,64.7,81.2
1253,2014,Sverdlovsk Oblast,0.5,14.5,14,71.54,84.2
1254,2014,Sevastopol,-1.7,12.6,,,
1255,2014,Republic of North Ossetia-Alania,4.6,15.3,10.7,72.42,64
1256,2014,Smolensk Oblast,-5.3,10.8,16.1,69.23,72.1
1257,2014,Stavropol Krai,1.3,13,11.7,68.07,57.9
1258,2014,Tambov Oblast,-6.5,9.8,16.3,73.39,59.4
1259,2014,Republic of Tatarstan,2.5,14.7,12.2,68.11,76.1
1260,2014,Tver Oblast,-6.5,11.3,17.8,75.86,74.9
1261,2014,Tomsk Oblast,2,13.7,11.7,63.17,71.6
1262,2014,Tula Oblast,-7.1,10,17.1,75.13,76.6
1263,2014,Tyumen Oblast,5.4,17,11.6,65.67,64.3
1264,2014,Udmurt Republic,1.7,14.5,12.8,70.83,65.3
1265,2014,Ulyanovsk Oblast,-2.7,11.9,14.6,70.37,74.2
1266,2014,Khabarovsk Krai,0.7,14,13.3,63.05,81.7
1267,2014,Republic of Khakassia,2.1,15.2,13.1,71.62,68.1
1268,2014,Khanty–Mansi Autonomous Okrug – Yugra,10.8,17.2,6.4,52.35,92
1269,2014,Chelyabinsk Oblast,0.4,14.2,13.8,72.02,82.4
1270,2014,Chechen Republic,19.2,24.3,5.1,77.55,34.8
1271,2014,Chuvash Republic,0.6,13.9,13.3,68.22,60.2
1272,2014,Chukotka Autonomous Okrug,2.8,13.7,10.9,51.91,67.5
1273,2014,Sakha (Yakutia) Republic,9.2,17.8,8.6,62.81,65.2
1274,2014,Yamalo-Nenets Autonomous Okrug,11.8,16.9,5.1,45.76,83.9
1275,2014,Yaroslavl Oblast,-3.6,11.9,15.5,75.14,81.8
1276,2015,Republic of Adygea,-0.5,12.5,13,75.5,47.1
1277,2015,Altai Krai,-1.5,12.6,14.1,77.33,56
1278,2015,Amur Oblast,-0.6,13.3,13.9,70.29,67.3
1279,2015,Arkhangelsk Oblast,-1.4,12.2,13.6,74.91,77.2
1280,2015,Astrakhan Oblast,2.2,14.5,12.3,72.13,66.5
1281,2015,Republic of Bashkortostan,1.2,14.5,13.3,71.38,61.7
1282,2015,Belgorod Oblast,-2.4,11.5,13.9,72.67,66.9
1283,2015,Bryansk Oblast,-4.4,11.4,15.8,74.39,69.8
1284,2015,Republic of Buryatia,5.9,17.3,11.4,72.45,58.9
1285,2015,Vladimir Oblast,-4.9,11.6,16.5,77.41,77.8
1286,2015,Volgograd Oblast,-2.3,11.5,13.8,74.02,76.5
1287,2015,Vologda Oblast,-1.1,13.7,14.8,75.3,71.9
1288,2015,Voronezh Oblast,-4.2,11.1,15.3,73.51,66.9
1289,2015,Republic of Dagestan,12.9,18.3,5.4,62.81,45.1
1290,2015,Jewish Autonomous Oblast,-1.4,14,15.4,71.77,68.2
1291,2015,Zabaykalsky Krai,2.5,15.4,12.9,70.13,67.4
1292,2015,Ivanovo Oblast,-4.6,11.4,16,76.11,81.2
1293,2015,Republic of Ingushetia,15.2,18.5,3.3,69.36,40.7
1294,2015,Irkutsk Oblast,1.7,15.3,13.6,72.92,78.9
1295,2015,Kabardino-Balkar Republic,5.8,14.6,8.8,66.09,52.2
1296,2015,Kaliningrad Oblast,-0.5,12.7,13.2,68.88,77.7
1297,2015,Republic of Kalmykia,3.8,13.6,9.8,69.17,45.1
1298,2015,Kaluga Oblast,-2.4,12.6,15,73.6,76.2
1299,2015,Kamchatka Krai,1.6,13.1,11.5,59.49,77.5
1300,2015,Karachay-Cherkess Republic,2.7,12.3,9.6,69.19,42.7
1301,2015,Republic of Karelia,-3.1,12.2,15.3,74.87,79.6
1302,2015,Kemerovo Oblast,-2,12.5,14.5,75,85.7
1303,2015,Kirov Oblast,-2.5,12.7,15.2,79.24,75.6
1304,2015,Kostroma Oblast,-3.5,12.5,16,78.34,71.3
1305,2015,Krasnodar Krai,0.5,13.5,13,74.76,54.1
1306,2015,Krasnoyarsk Krai,1.7,14.4,12.7,67.45,76.7
1307,2015,Republic of Crimea,-2.7,12.6,15.3,78.33,50.7
1308,2015,Kurgan Oblast,-2.7,13.4,16.1,84.36,61.5
1309,2015,Kursk Oblast,-4.7,11.6,16.3,76.71,66.9
1310,2015,Leningrad Oblast,-5,9,14,71.52,64.6
1311,2015,Lipetsk Oblast,-3.7,11.6,15.3,75.71,64.2
1312,2015,Magadan Oblast,0,11.9,11.9,61.23,95.4
1313,2015,Mari El Republic,0.6,14.4,13.8,72.25,65.2
1314,2015,Republic of Mordovia,-4.4,9.7,14.1,69.55,61.2
1315,2015,Moscow,1.7,11.6,9.9,65.79,98.8
1316,2015,Moscow Oblast,-0.1,12.9,13,67.26,81.6
1317,2015,Murmansk Oblast,0.3,11.9,11.6,62.42,92.6
1318,2015,Nenets Autonomous Okrug,8.4,17.6,9.2,67.79,71.7
1319,2015,Nizhny Novgorod Oblast,-3.2,12.3,15.5,73.86,79.4
1320,2015,Novgorod Oblast,-5.6,11.9,17.5,80.78,70.9
1321,2015,Novosibirsk Oblast,1.1,14.2,13.1,69.62,78.5
1322,2015,Omsk Oblast,1,14.4,13.4,70.56,72.2
1323,2015,Orenburg Oblast,0.2,14.2,14,74.13,59.9
1324,2015,Oryol Oblast,-5.2,11.2,16.4,76.64,66.3
1325,2015,Penza Oblast,-4.1,10.7,14.8,75.99,68.1
1326,2015,Perm Krai,0.5,14.7,14.2,74.35,75.5
1327,2015,Primorsky Krai,-0.8,12.7,13.5,67.3,76.9
1328,2015,Pskov Oblast,-7.2,11,18.2,78.92,70.4
1329,2015,Altai Republic,7.9,18.8,10.9,79.96,29.2
1330,2015,Komi Republic,1.3,13.7,12.4,66.2,77.7
1331,2015,Tuva Republic,13.5,23.8,10.3,78.69,53.9
1332,2015,Rostov Oblast,-1.8,12.1,13.9,72.23,67.9
1333,2015,Ryazan Oblast,-4.7,11.1,15.8,77.8,71.2
1334,2015,Samara Oblast,-1.4,12.8,14.2,71.93,80.3
1335,2015,Saint Petersburg,1.7,13.6,11.9,65.88,100
1336,2015,Saratov Oblast,-2.7,11.5,14.2,73.28,75.2
1337,2015,Sakhalin Oblast,0.4,13.7,13.3,67.75,81.4
1338,2015,Sverdlovsk Oblast,0.3,14.4,14.1,74.46,84.3
1339,2015,Sevastopol,-1.4,13.5,14.9,74.8,92.4
1340,2015,Republic of North Ossetia-Alania,3.9,14.6,10.7,73.97,64.1
1341,2015,Smolensk Oblast,-5.8,10.5,16.3,71.52,72
1342,2015,Stavropol Krai,1.4,13,11.6,70.06,58.1
1343,2015,Tambov Oblast,-6.3,9.8,16.1,75.37,59.8
1344,2015,Republic of Tatarstan,2.7,14.7,12,70.74,76.3
1345,2015,Tver Oblast,-6.5,11.2,17.7,78.47,75.2
1346,2015,Tomsk Oblast,2.1,13.6,11.5,65.52,71.9
1347,2015,Tula Oblast,-6.6,10.5,17.1,77.29,74.7
1348,2015,Tyumen Oblast,5.2,16.7,11.5,68.7,64.7
1349,2015,Udmurt Republic,1.7,14.6,12.9,74,65.5
1350,2015,Ulyanovsk Oblast,-3,11.9,14.9,73.37,74.5
1351,2015,Khabarovsk Krai,0.9,14.3,13.4,65.26,81.8
1352,2015,Republic of Khakassia,1.3,14.7,13.4,74.59,68.5
1353,2015,Khanty–Mansi Autonomous Okrug – Yugra,10.2,16.6,6.4,55.1,92.1
1354,2015,Chelyabinsk Oblast,0,13.9,13.9,74.67,82.5
1355,2015,Chechen Republic,18.2,23.1,4.9,78.2,34.7
1356,2015,Chuvash Republic,0.7,13.8,13.1,70.99,60.7
1357,2015,Chukotka Autonomous Okrug,4.1,13.6,9.5,54.09,68.3
1358,2015,Sakha (Yakutia) Republic,8.6,17.1,8.5,65.21,65.3
1359,2015,Yamalo-Nenets Autonomous Okrug,11.3,16.6,5.3,47.85,83.8
1360,2015,Yaroslavl Oblast,-3.4,12.2,15.6,77.5,81.7
1361,2016,Republic of Adygea,-0.9,12,12.9,77.92,47.3
1362,2016,Altai Krai,-2,12.1,14.1,80.68,56.2
1363,2016,Amur Oblast,-0.8,12.9,13.7,72.97,67.3
1364,2016,Arkhangelsk Oblast,-1.9,11.8,13.7,78.28,77.6
1365,2016,Astrakhan Oblast,2,14,12,75.56,66.5
1366,2016,Republic of Bashkortostan,0.8,13.7,12.9,74.47,61.8
1367,2016,Belgorod Oblast,-2.8,11.1,13.9,75.56,67.1
1368,2016,Bryansk Oblast,-4.7,10.9,15.6,77.18,69.9
1369,2016,Republic of Buryatia,5.2,16.4,11.2,75.54,59
1370,2016,Vladimir Oblast,-5.3,11.2,16.5,80.39,77.9
1371,2016,Volgograd Oblast,-2.5,11.2,13.7,76.56,76.7
1372,2016,Vologda Oblast,-1.7,13.3,15,78.85,72
1373,2016,Voronezh Oblast,-4.5,10.7,15.2,76.05,67.1
1374,2016,Republic of Dagestan,12.3,17.5,5.2,64.1,45
1375,2016,Jewish Autonomous Oblast,-1.8,13.4,15.2,74.59,68.6
1376,2016,Zabaykalsky Krai,2.3,14.6,12.3,72.64,67.7
1377,2016,Ivanovo Oblast,-5.2,10.9,16.1,78.96,81.3
1378,2016,Republic of Ingushetia,13,16.3,3.3,70.32,41.3
1379,2016,Irkutsk Oblast,1.4,14.8,13.4,75.82,79
1380,2016,Kabardino-Balkar Republic,5.4,14,8.6,68.39,52.2
1381,2016,Kaliningrad Oblast,-0.1,12.4,12.5,71.52,77.7
1382,2016,Republic of Kalmykia,2.6,12.4,9.8,72.54,45.2
1383,2016,Kaluga Oblast,-2.9,12.1,15,76.77,76.1
1384,2016,Kamchatka Krai,1.4,12.9,11.5,61.66,77.8
1385,2016,Karachay-Cherkess Republic,2.4,11.9,9.5,71.52,42.7
1386,2016,Republic of Karelia,-2.8,12,14.8,78.32,79.9
1387,2016,Kemerovo Oblast,-2.2,12.1,14.3,78.06,85.8
1388,2016,Kirov Oblast,-2.3,12.6,14.9,83.17,75.9
1389,2016,Kostroma Oblast,-3.6,12,15.6,81.62,71.5
1390,2016,Krasnodar Krai,0.3,13.2,12.9,77.39,54.3
1391,2016,Krasnoyarsk Krai,1.4,13.9,12.5,70.23,77
1392,2016,Republic of Crimea,-3.2,12,15.2,80.79,50.8
1393,2016,Kurgan Oblast,-3.5,12.4,15.9,88.18,61.8
1394,2016,Kursk Oblast,-5,11.1,16.1,79.05,67.3
1395,2016,Leningrad Oblast,-4.8,9.2,14,74.43,64.2
1396,2016,Lipetsk Oblast,-3.9,11.3,15.2,78.69,64.2
1397,2016,Magadan Oblast,-0.2,11.2,11.4,63.61,95.5
1398,2016,Mari El Republic,0.7,13.9,13.2,76.11,65.5
1399,2016,Republic of Mordovia,-4.3,9.8,14.1,71.66,61.9
1400,2016,Moscow,1.8,11.8,10,68.44,98.8
1401,2016,Moscow Oblast,0.1,13.1,13,69.68,81.6
1402,2016,Murmansk Oblast,-0.3,11.2,11.5,65.1,92.5
1403,2016,Nenets Autonomous Okrug,9.6,18.5,8.9,70.72,72.4
1404,2016,Nizhny Novgorod Oblast,-3.5,11.9,15.4,76.8,79.5
1405,2016,Novgorod Oblast,-5.8,11.7,17.5,84.11,70.8
1406,2016,Novosibirsk Oblast,0.8,13.8,13,72.78,78.7
1407,2016,Omsk Oblast,0.1,13.3,13.2,74.04,72.4
1408,2016,Orenburg Oblast,-0.1,13.4,13.5,77.47,59.9
1409,2016,Oryol Oblast,-5.5,10.9,16.4,79.48,66.6
1410,2016,Penza Oblast,-4.3,10.2,14.5,78.91,68.3
1411,2016,Perm Krai,0.3,14.1,13.8,77.45,75.6
1412,2016,Primorsky Krai,-1.4,12.2,13.6,69.89,77
1413,2016,Pskov Oblast,-6.8,11.1,17.9,81.95,70.5
1414,2016,Altai Republic,8.1,18,9.9,83.14,29.2
1415,2016,Komi Republic,0.7,13.1,12.4,69.53,77.9
1416,2016,Tuva Republic,13.4,23.2,9.8,81.43,54.2
1417,2016,Rostov Oblast,-2.3,11.6,13.9,74.92,67.8
1418,2016,Ryazan Oblast,-4.7,11.3,16,80.63,71.4
1419,2016,Samara Oblast,-1.4,12.5,13.9,75.06,80.2
1420,2016,Saint Petersburg,2.1,13.8,11.7,69.04,100
1421,2016,Saratov Oblast,-3.1,10.9,14,75.76,75.3
1422,2016,Sakhalin Oblast,1.1,14.2,13.1,70.76,81.6
1423,2016,Sverdlovsk Oblast,-0.2,13.8,14,77.58,84.5
1424,2016,Sevastopol,-1.2,12.7,13.9,75.96,92.7
1425,2016,Republic of North Ossetia-Alania,3.7,14.1,10.4,76.21,64.1
1426,2016,Smolensk Oblast,-5.9,10.3,16.2,74.43,72
1427,2016,Stavropol Krai,1.3,13,11.7,72.5,58.3
1428,2016,Tambov Oblast,-6.3,9.6,15.9,78.91,60.1
1429,2016,Republic of Tatarstan,2.7,14.3,11.6,73.75,76.4
1430,2016,Tver Oblast,-6.6,11.1,17.7,81.4,75.4
1431,2016,Tomsk Oblast,1.8,13.2,11.4,68.08,72.2
1432,2016,Tula Oblast,-6.8,10.2,17,79.73,74.7
1433,2016,Tyumen Oblast,4.5,15.9,11.4,71.47,65.3
1434,2016,Udmurt Republic,1.2,13.8,12.6,77.43,65.6
1435,2016,Ulyanovsk Oblast,-3.2,11.6,14.8,76.73,74.7
1436,2016,Khabarovsk Krai,0.3,13.4,13.1,67.83,82
1437,2016,Republic of Khakassia,1.3,14.1,12.8,77.88,68.8
1438,2016,Khanty–Mansi Autonomous Okrug – Yugra,9.5,15.7,6.2,58.12,92.2
1439,2016,Chelyabinsk Oblast,-0.3,13.3,13.6,77.61,82.6
1440,2016,Chechen Republic,16.6,21.3,4.7,78.95,34.8
1441,2016,Chuvash Republic,0,13.2,13.2,74.05,61.3
1442,2016,Chukotka Autonomous Okrug,3.6,13.6,10,56.18,69.2
1443,2016,Sakha (Yakutia) Republic,7.6,16,8.4,67.83,65.4
1444,2016,Yamalo-Nenets Autonomous Okrug,10.1,15.4,5.3,51.1,83.7
1445,2016,Yaroslavl Oblast,-3.6,12.1,15.7,80.23,81.7
